gid,objectid,sampleno,longitude,latitude,sio2,al2o3,fe2o3,tio2,cao,mgo,mno,na2o,k2o,p2o5,loi,ba,ga,sc,v,th,pb,ni,co,rb,sr,y,zr,nb,cr,cu,zn,au,li,cs,as_,sb,bi,se,ag,be,ge,mo,sn,la,ce,pr,nd,sm,eu,tb,gd,dy,ho,er,tm,yb,lu,hf,ta,w,u,pt,pd,toposheet,in_,f,te,tl,hg,cd
2947,2947,57F11/177/SS/12,77.657407,14.475225,61.921,14.606,4.51,0.05,2.28,3.24,1.52,2.46,0.61,0.13,8.148,826.5,11.3,11.1,72.5,16.6,12.4,24.8,11.4,74.2,375.7,21.7,695.4,6.9,49.9,23.2,32,1.5,12,5,1.35,0.1,0.05,0.18,25,0.902684,0.980504,2.5,2.5,37.722005,72.2323,8.555444,31.887143,5.576899,1.568522,0.674691,4.463554,3.725699,0.730795,2.139445,0.359742,2.290226,0.413697,26.874492,0.677483,2.5,3.016905,0,0,57F11,0,0,0,0,8,50
2948,2948,57F11/178/SS/12,77.675926,14.475225,62.077,13.75,4.22,0.05,2.43,4.14,1.52,2.55,0.64,0.12,7.836678,836.2,10.1,13.3,83.5,17,11.9,22.7,7.3,73.3,465.2,22,826.1,8.8,50.1,19.4,27.4,1.5,11,5,1.21,0.1,0.05,0.12,24,1.189926,1.028039,2.5,2.5,31.134342,63.086789,7.586066,28.995136,5.609441,1.435208,0.675635,4.62593,4.140085,0.783322,2.405519,0.419132,2.891123,0.500104,37.079419,0.774466,2.5,3.37855,0,0,57F11,0,0,0,0,9,50
2949,2949,57F11/179/SS/12,77.694444,14.475225,68.645,13.41,3.02,0.05,1.32,3.19,2.89,3.08,0.75,0.08,2.887008,1012.9,12.6,12,74.7,16.7,16.6,13,5.1,80,487.6,21.5,763.8,8.3,56.4,14.1,24.2,1.5,10,5,1.27,0.1,0.05,0.05,10,1.565,0.843,2.5,2.5,24.069,48.971001,5.755,21.624001,4.549,1.279,0.567,3.76,3.404,0.651,1.919,0.329,2.323,0.423,23.652,0.715,2.5,3.509,0,0,57F11,0,0,0,0,2.5,50
2950,2950,57F11/180/SS/12,77.712963,14.475225,64.95,14.28,3.46,0.05,1.75,3.1,2.34,2.82,0.6,0.12,5.844285,943.6,11.5,11.5,64.3,18.3,15.5,19.2,9,83.5,445.6,18.8,759.8,8.6,52.8,17.1,30,1.5,0,0,0,0,0,0,20,1.311,0.913,2.5,2.5,25.75,50.4,6.789,22.41,4.945,1.283,0.607,4.003,3.392,0.629,1.951,0.306,2.186,0.4,21.961,0.744,2.5,4.241,0,0,57F11,0,0,0,0,19,50
2951,2951,57F11/181/SS/12,77.731481,14.475225,64.302,14.01,4.08,0.05,1.84,3.24,2.12,2.83,0.75,0.16,6.073601,770.5,13.5,11.1,81,23.1,14.8,23.8,9.1,86.8,405.8,17.3,1001.3,10.1,59.8,18.2,31.8,1.5,12,5,1.26,0.1,0.12,0.05,23,1.536,0.947,2.5,2.5,27.639,56.014999,6.659,25.004,5.099,1.265,0.618,4.173,3.475,0.655,2.042,0.334,2.322,0.431,26.705,0.832,2.5,4.218,0,0,57F11,0,0,0,0,19,50
2952,2952,57F11/182/SS/12,77.749999,14.475225,64.346,14.94,5.25,0.07,1.38,2.59,2.31,2.95,1.05,0.17,4.410744,857.7,14.1,11.8,120.4,22.2,11.8,19.3,12.3,93.4,370.9,21.2,812.6,10.3,55.7,40.4,49.2,1.5,10,5,1.25,0.1,0.05,0.15,30,1.334,1.011,2.5,2.5,21.546,45.799,5.228,20.370001,4.218,1.276,0.571,3.751,3.457,0.65,1.978,0.32,2.311,0.403,23.323999,0.739,2.5,3.882,0,0,57F11,0,0,0,0,12,50
2953,2953,57F11/183/SS/12,77.509259,14.493242,65.4704,15.431,5.01,0.06,0.97,2.62,1.78,1.99,0.89,0.09,5.06696,675.3,13.6,13.1,97.5,8.9,16.7,18,9.7,48.2,238.4,17.9,814,9,61.5,17.4,27.8,1.5,10,5,1.5,0.1,0.05,0.05,10,1.053576,1.043445,2.5,2.5,26.347675,56.118818,6.123415,23.052365,4.505168,1.479,0.64444,4.126052,3.753795,0.744067,2.418039,0.400721,2.678618,0.491491,32.021118,0.704971,2.5,2.109419,0,0,57F11,0,0,0,0,5,50
2954,2954,57F11/184/SS/12,77.527778,14.493242,63.613,15.284,5.04,0.07,1.39,3.11,2.23,2.43,0.71,0.09,5.327869,725.5,13.9,13.8,93.7,8.7,17.5,35.4,14,67.6,271.4,19.2,570.8,9.6,78.3,25.1,31.6,8,11,5,2.18,0.26,0.05,0.14,22,0.991316,1.029867,2.5,2.5,24.707004,50.508562,5.406181,19.767675,3.902897,1.24853,0.563736,3.479381,3.181897,0.626503,1.961223,0.314897,2.123821,0.370558,17.071409,0.693911,2.5,1.852841,0,0,57F11,0,0,0,0,6,50
2955,2955,57F11/185/SS/12,77.546296,14.493242,61.56,14.83,4.07,0.06,1.56,3.98,1.85,2.51,0.61,0.11,8.13,764,17,15,82,12,11,26,9,71,311,13,463,6,76,17,40,1.5,16,5,17,0.1,0.15,0.1,34,1.775376,1.771406,2.5,2.5,23.309528,48.445961,5.118383,21.752626,3.839935,1.251318,0.508788,3.529157,2.92198,0.52459,1.729148,0.349109,2.111293,0.33124,18.161482,11.438623,2.5,3.164249,0,0,57F11,0,0,0,0,10,50
2956,2956,57F11/186/SS/12,77.564815,14.493242,61.94012,15.364,5.02,0.06,1.29,3.23,1.95,2.39,0.65,0.28,7.187439,772.2,11.3,11.6,86.9,9.8,17.1,27.9,10.8,63.6,283.4,21.9,453.7,6.7,66.6,26.8,40.4,20,15,5,1.33,0.1,0.05,0.2,137,1.51747,1.20576,2.5,2.5,26.657001,56.11201,6.265094,23.953863,4.725284,1.520664,0.732299,4.444095,4.399529,0.858414,2.752729,0.440768,2.99592,0.529154,22.014712,0.827045,2.5,2.475858,0,0,57F11,0,0,0,0,22,50
2957,2957,57F11/187/SS/12,77.583333,14.493242,57.74,16.462,6.36,0.08,2.29,3.1,1.53,2.14,0.81,0.12,8.696087,591.5,14.3,14.9,116.9,9.3,14.7,59.2,16.5,64.8,238.3,18,425.9,8.6,135.4,32.6,40,1.5,25,5,1.7,0.1,0.05,0.17,34,1.231265,1.171531,2.5,2.5,29.094922,60.067221,6.554683,24.316941,4.809757,1.528099,0.809806,4.798224,4.69319,0.920575,2.828351,0.446062,2.701716,0.500542,16.354219,0.84769,2.5,2.133529,0,0,57F11,0,0,0,0,9,50
2958,2958,57F11/188/SS/12,77.601852,14.493242,57.7808,14.83,5.98,0.08,2.39,5.79,1.86,1.88,0.68,0.11,8.057109,530.6,12.7,18.2,107.7,7.2,13.7,48.5,20.9,53.9,277,18.4,316.8,5.1,79.8,34.2,37.3,1.5,19,5,1.07,0.1,0.1,0.13,24,0.993239,0.994461,2.5,2.5,22.026462,43.82433,4.999456,18.806615,3.819082,1.192262,0.650031,3.932063,3.926983,0.765116,2.536225,0.382184,2.45063,0.444163,14.363907,0.616939,2.5,1.947144,0,0,57F11,0,0,0,0,7,50
2959,2959,57F11/189/SS/12,77.62037,14.493242,58.811,13.18,4.96,0.06,2.65,5.69,1.82,2.08,0.69,0.25,9.284506,673.1,11.9,14.3,86.5,12.3,15.4,31.8,12.9,59.1,404.7,20.7,393.8,9.2,62.2,30.3,43.2,8,17,5,1.12,0.1,0.05,0.18,119,1.080938,0.84705,2.5,2.5,31.768013,65.716771,7.47105,28.518957,5.213599,1.49846,0.711881,4.617791,3.826884,0.739542,2.410593,0.361112,2.300393,0.41968,16.650778,0.766552,2.5,2.17105,0,0,57F11,0,0,0,0,15,50
2960,2960,57F11/190/SS/12,77.638889,14.493242,65.382,14.119,4.43,0.05,1.23,2.9,2.11,2.89,0.56,0.1,5.691628,854.7,14.1,11.5,72.9,26.6,13.6,23.6,8.2,75,484,23.6,849.8,8.2,48.1,23.1,26.4,1.5,10,5,1,0.1,0.05,0.05,23,1.276047,0.894532,2.5,2.5,32.675789,72.694462,7.905247,29.802487,5.729033,1.609812,0.731481,4.883525,4.092169,0.795528,2.471205,0.42634,2.770217,0.506939,32.397465,0.763293,2.5,3.471209,0,0,57F11,0,0,0,0,6,50
2961,2961,57F11/191/SS/12,77.657407,14.493242,67.932,13.419,3.88,0.05,1.15,2.73,2.13,3.06,0.56,0.11,4.291546,896.5,11.1,11.4,68.4,21.1,11.7,16.4,9.8,82.5,394.9,23,932.8,6.9,46.2,14.7,25.4,1.5,10,5,1.09,0.1,0.05,0.11,28,1.120804,0.835638,2.5,2.5,28.247661,60.496351,6.778358,25.886296,5.025472,1.395761,0.677101,4.47438,3.998704,0.778252,2.411641,0.430245,2.821777,0.545855,36.3531,0.713446,2.5,3.991571,0,0,57F11,0,0,0,0,7,50
2962,2962,57F11/192/SS/12,77.675926,14.493242,62.113,15.298,4.65,0.05,1.51,3.21,1.63,2.78,0.64,0.11,7.474666,843.2,12.1,12.3,78.8,48.4,1,28.2,11.3,82.7,357.9,27.3,1854.5,10.8,55.4,18.8,31.7,1.5,14,15,1.62,0.1,0.05,0.17,24,1.126179,0.833909,2.5,2.5,29.648977,71.112482,7.415717,28.275716,5.802668,1.6188,0.903798,5.611235,5.63486,1.123342,3.800399,0.648152,4.648219,0.882033,72.226086,0.858517,2.5,6.56993,0,0,57F11,0,0,0,0,7,50
2963,2963,57F11/193/SS/12,77.694444,14.493242,62.184,15.65,4.34,0.05,1.17,3.77,2.01,2.96,0.63,0.15,6.515666,843,14.7,10.3,79.7,24.9,14.4,19.1,7.6,92.8,368.9,22.7,1126.7,11.1,58.3,19.7,35.8,1.5,12,5,1.8,0.1,0.1,0.16,31,1.935,0.896,2.5,2.5,28.351,61.280998,6.788,25.070999,5.107,1.288,0.696,4.435,4.502,0.88,2.868,0.474,3.447,0.638,33.165001,0.997,2.5,5.008,0,0,57F11,0,0,0,0,15,50
2964,2964,57F11/194/SS/12,77.712963,14.493242,62.296,15.04,4.12,0.05,1.66,3.44,2.07,2.91,0.63,0.13,6.983463,835.8,16.1,11.6,70.8,19.9,15.5,25.5,13.2,94.4,429.6,20.6,921.8,9.9,61.8,21,37.1,1.5,13,5,1.37,0.1,0.05,0.13,40,1.228,0.924,2.5,2.5,30.395,65.860001,7.352,27.183001,5.183,1.309,0.607,4.216,3.565,0.656,2.029,0.33,2.417,0.424,27.608,0.875,2.5,4.39,0,0,57F11,0,0,0,0,13,128
2965,2965,57F11/195/SS/12,77.731481,14.493242,67.146,14.46,4.05,0.05,0.98,2.16,2.51,3.63,0.71,0.13,3.517488,931.6,12.5,8.9,73.8,34.9,7.9,20.7,8.9,106,395.7,24.5,1459.1,11.3,53.5,17.4,32.4,1.5,11,5,1.14,0.1,0.05,0.1,10,1.651,0.892,2.5,2.5,22.184999,52.832001,5.688,21.618999,4.508,1.205,0.571,3.816,3.332,0.669,2.166,0.349,2.778,0.515,41.530998,0.972,2.5,5.467,0,0,57F11,0,0,0,0,14,50
2966,2966,57F11/196/SS/12,77.749999,14.493242,65.621,14.38,3.86,0.06,1.26,3.08,2.55,3.14,0.74,0.11,4.545002,769.4,14.1,11.5,81.5,24.7,13.3,16.9,10.3,98.2,399.7,22.2,1030.1,10.6,57.7,16.6,32.4,1.5,13,5,1.06,0.1,0.05,0.05,31,1.287,0.986,2.5,2.5,29.09,62.312,7.105,26.780001,5.284,1.295,0.648,4.4,3.754,0.689,2.052,0.34,2.401,0.427,26.916,0.845,2.5,4.209,0,0,57F11,0,0,0,0,7,109
3604,3604,57F11/001/SS/12,77.509259,14.259009,51.63,14.6,10.6,0.21,5.72,4.51,1.24,1.32,0.93,0.1,8.28,621,20,26,347,8,14,249,54,42,141,20,139,6,883,75,61,16,10,5,24,0.95,0.15,0.1,29,0.47937,1.35819,2.5,2.5,12.613646,29.726573,3.438212,15.304363,3.299422,1.297365,0.716509,4.095516,3.923818,0.82589,2.18419,0.440722,2.795697,0.506585,5.730581,0.553785,2.5,1.422113,0,0,57F11,0,0,0,0,15,50
3605,3605,57F11/002/SS/12,77.527778,14.259009,46.57,16.25,12.25,0.22,4.29,7.24,1.19,0.42,1.91,0.11,8.76,332,20,26,500,6,19,105,46,9,97,23,118,8,317,74,92,20,10,5,26,0.37,0.05,0.1,20,0.345934,0.999304,2.5,2.5,7.202825,18.3777,2.267578,11.735994,2.645753,1.143578,0.668166,3.894894,4.674098,0.964227,2.845634,0.474258,2.824221,0.537779,3.272624,0.499234,2.5,0.507633,0,0,57F11,0,0,0,0,11,50
3606,3606,57F11/003/SS/12,77.546296,14.259009,51.52,17.06,9.65,0.18,2.87,6.33,1.62,1.33,1.04,0.08,7.41,537,22,24,353,9,19,101,41,42,157,22,158,8,357,56,71,1.5,11,5,21,0.1,0.05,0.1,21,1.451631,1.592008,2.5,2.5,14.551965,30.826728,3.428271,15.635436,3.200385,1.034803,0.664599,3.522444,3.907268,0.885749,2.379616,0.433366,2.675323,0.386266,6.252109,0.650845,2.5,1.576927,0,0,57F11,0,0,0,0,10,50
3607,3607,57F11/004/SS/12,77.564815,14.259009,58.29,15.83,5.9,0.1,2.3,4.02,1.94,2.52,0.92,0.09,7.36,823,19,21,216,11,21,52,19,71,240,21,339,9,237,31,47,1.5,13,5,19,0.1,0.12,0.1,21,0.478796,0.994089,2.5,2.5,19.856408,40.348621,4.355753,17.820404,3.327182,0.992376,0.615579,3.322097,3.565493,0.629483,1.637641,0.327099,2.250446,0.363921,9.934193,0.772174,2.5,2.388223,0,0,57F11,0,0,0,0,11,50
3608,3608,57F11/005/SS/12,77.583333,14.259009,60.78,15.62,4.91,0.06,2,3.29,1.51,2.17,0.66,0.13,8.313325,678.5,11.8,13.1,84.6,6.4,20.4,33.4,12.8,66.8,255.6,18.8,355.9,6,68.9,31.6,33.4,8,19,5,2.31,0.1,0.05,0.05,95,1.025071,0.938155,2.5,2.5,24.530987,46.948609,5.339623,19.593133,3.940228,1.183658,0.56221,3.566874,3.53047,0.729071,2.021384,0.342471,2.142463,0.36442,17.062474,0.691182,2.5,2.201498,0,0,57F11,0,0,0,0,23,50
3609,3609,57F11/006/SS/12,77.601852,14.259009,64.25,15.95,3.89,0.05,1.37,2.99,2.72,2.69,0.56,0.1,4.858057,932.4,16.3,11.6,68.1,7.8,19.1,32.9,9.6,61.7,396.6,12.9,355.3,5.5,73.7,19.7,35.6,14,14,5,0.5,0.1,0.05,0.05,10,1.079132,0.706376,2.5,2.5,11.781319,24.981465,2.793539,10.548368,2.284268,0.790664,0.324134,1.956252,1.846821,0.378259,1.110256,0.190896,1.1892,0.209466,14.447118,0.475342,2.5,1.611329,0,0,57F11,0,0,0,0,6,50
3610,3610,57F11/007/SS/12,77.62037,14.259009,62.27,17.12,4.722,0.05,1.35,3.17,3.09,2.25,0.64,0.08,4.747656,662.3,16.5,13.5,83.9,8.2,17.6,25.3,12.3,56.1,430.6,13.2,303.7,5.7,61.2,21.9,38,1.5,17,5,1.07,0.1,0.05,0.05,10,1.713,0.889,2.5,2.5,16.511999,33.009998,3.8,14.24,2.863,0.98,0.358,2.301,1.986,0.369,1.106,0.175,1.174,0.195,8.482,0.595,2.5,1.656,0,0,57F11,0,0,0,0,17,50
3611,3611,57F11/008/SS/12,77.638889,14.259009,59.11,17.7,4.724,0.05,1.48,3.49,2.1,2.21,0.62,0.1,7.662531,752.6,16.3,11.5,60.2,12.9,15.7,23.2,12,64.4,244,20.6,540.2,9.3,59.5,27.8,47.1,1.5,20,5,1.08,0.1,0.05,0.05,20,1.598,0.969,2.5,2.5,45.365002,89.962997,8.816,30.111,5.057,1.238,0.567,4.025,2.992,0.511,1.532,0.244,1.64,0.264,18.868,0.797,2.5,2.13,0,0,57F11,0,0,0,0,18,50
3612,3612,57F11/009/SS/12,77.657407,14.259009,62.75,17.97,4.23,0.05,1.18,2.21,2.79,2.73,0.55,0.11,4.834351,826,16.9,10.6,64.2,14.6,18.8,18.3,9.8,75.8,315.1,15.1,675.8,7.9,54.5,20.4,38.8,1.5,19,5,0.5,0.1,0.05,0.05,10,1.831,0.894,2.5,2.5,24.288,51.200001,5.291,18.993,3.717,1.151,0.449,2.959,2.628,0.493,1.51,0.256,1.859,0.313,23.771,0.763,2.5,2.796,0,0,57F11,0,0,0,0,6,50
3684,3684,57F11/010/SS/12,77.675926,14.259009,58.845,17.56,5.84,0.07,2.06,2.71,2.21,2.53,0.78,0.16,6.571742,804,17.9,13.3,98.4,11.5,16.3,34.5,14.6,85.9,339.7,16.6,635.5,9.8,81.2,35.1,43.7,1.5,16,5,0.5,0.1,0.12,0.05,20,2.032,1.104,2.5,2.5,36.667999,73.542999,8.127,29.6,5.407,1.447,0.64,4.322,3.562,0.662,1.973,0.334,2.185,0.374,22.099001,0.958,2.5,2.655,0,0,57F11,0,0,0,0,9,50
3685,3685,57F11/011/SS/12,77.694444,14.259009,57.45,17.6,6.945,0.08,2.2,3.47,2.24,2.26,1.34,0.17,5.811643,771.4,19.1,16.6,147.2,14.8,16.9,34.5,21.4,71.4,404.2,28,974.1,15.1,89.8,38,51.1,1.5,18,5,1.33,0.1,0.05,0.05,20,2.226,1.17,2.5,2.5,36.008999,80.115997,9.1,36.106998,7.135,1.891,0.935,6.123,5.388,0.997,2.989,0.475,3.22,0.537,29.135,1.251,2.5,3.901,0,0,57F11,0,0,0,0,7,101
3686,3686,57F11/012/SS/12,77.712963,14.259009,55.59,16.05,5.57,0.08,1.73,4.62,1.67,2.17,0.71,0.17,10.997213,765.8,18.5,14.4,95.3,14.9,17.6,35.3,17.3,76.1,271.1,19.7,458.1,12.2,153.8,36.8,51.2,1.5,10,5,2.24,0.1,0.16,0.19,36,1.318,0.7,2.5,2.5,36.421001,72.357002,7.361,27.160999,5.015,1.583,0.546,3.862,3.09,0.576,1.696,0.273,1.857,0.313,15.814,0.712,2.5,2.463,0,0,57F11,0,0,0,0,8,50
3687,3687,57F11/013/SS/12,77.731481,14.259009,61.2,15.65,4.9,0.06,1.88,2.74,2,2.73,0.66,0.14,7.467726,842.2,16.9,13.1,98.4,22.7,12.6,28.1,13,96,395,18.3,777.5,13.7,86.3,27.2,45,1.5,10,5,1.79,0.1,0.15,0.17,54,1.375,0.731,2.5,2.5,30.247999,64.428001,6.695,24.629,4.986,1.634,0.564,3.951,3.292,0.652,1.978,0.34,2.318,0.42,28.443001,0.892,2.5,2.771,0,0,57F11,0,0,0,0,10,50
3688,3688,57F11/014/SS/12,77.749999,14.259009,57.71,15.02,5.23,0.08,2.34,4.18,1.55,2.48,0.79,0.16,9.891531,812.1,15.8,15,99.7,15.9,15.5,34.1,14.8,92,417.7,17.8,492.6,14.1,116,26.6,42.8,1.5,12,5,1.33,0.1,0.14,0.21,67,1.43,0.673,2.5,2.5,30.035,59.550999,6.666,25.547001,4.95,1.617,0.554,3.838,3.226,0.636,1.89,0.307,2.026,0.34,15.92,0.906,2.5,2.31,0,0,57F11,0,0,0,0,7,50
3689,3689,57F11/015/SS/12,77.509259,14.277027,44.1,17.54,12.18,0.22,3.59,6.15,1.11,0.63,1.59,0.12,12.03,418,26,29,479,7,17,104,51,14,155,26,142,7,315,92,83,1.5,14,5,24,0.35,0.05,0.2,24,0.37,1.608136,2.5,2.5,12.381957,28.775133,3.755674,17.124539,3.728858,1.525325,0.870643,4.879108,5.614059,1.019071,2.775518,0.467532,3.291573,0.502842,4.132701,0.56059,2.5,0.735488,0,0,57F11,0,0,0,0,35,50
3690,3690,57F11/016/SS/12,77.527778,14.277027,50.69,15.67,9.32,0.17,3.78,6.8,1.38,1.17,1.51,0.1,8.52,477,20,23,382,7,19,81,37,28,154,21,181,9,293,57,77,1.5,11,5,30,0.1,0.05,0.1,20,1.120603,1.309985,2.5,2.5,8.286462,19.360808,2.423906,10.143419,2.424225,0.946736,0.594168,3.244322,3.259871,0.696902,2.012869,0.353407,2.414858,0.353081,5.665618,0.55824,2.5,0.902144,0,0,57F11,0,0,0,0,10,50
3691,3691,57F11/017/SS/12,77.546296,14.277027,63.44,15.72,4.46,0.08,1.12,2.17,2.35,3.07,0.72,0.1,5.98,1018,19,16,130,12,14,27,14,79,191,20,398,10,127,19,35,1.5,11,5,27,0.1,0.24,0.1,23,1.018649,1.062434,2.5,2.5,22.876869,44.005202,4.468767,17.986182,3.215076,0.857998,0.639996,2.918288,3.381635,0.678373,2.038866,0.346333,2.580541,0.436083,11.375439,1.136139,2.5,2.311441,0,0,57F11,0,0,0,0,8,50
3692,3692,57F11/018/SS/12,77.564815,14.277027,61.838,16.55,5.25,0.06,1.4,2.95,1.89,2.52,0.72,0.11,6.099631,632,13.5,13.3,87.7,7.9,18.9,28.7,12.5,81.9,207.2,27.5,336.3,8.1,51.2,34.1,36.6,1.5,18,5,1.39,0.1,0.05,0.13,10,1.214442,1.042111,2.5,2.5,24.900737,46.266338,5.493103,20.738474,4.230301,1.308309,0.714047,4.122841,4.512971,0.966261,2.921285,0.491326,3.189994,0.543138,14.109996,1.053744,2.5,2.396321,0,0,57F11,0,0,0,0,6,50
3693,3693,57F11/019/SS/12,77.583333,14.277027,66.185,13.651,3.88,0.06,2.16,3.55,2.28,2.5,0.68,0.09,4.378616,713.4,10.3,12.7,74.4,9.2,16.7,27.4,12,68.9,249.9,22.2,411.7,7.7,51.9,16.1,27.1,1.5,15,5,2.13,0.1,0.05,0.05,10,1.054239,0.883426,2.5,2.5,16.966184,31.900848,3.919002,15.528584,3.36624,1.113328,0.635865,3.627017,4.111914,0.89026,2.715224,0.47845,3.05276,0.504653,15.202209,0.725758,2.5,2.116546,0,0,57F11,0,0,0,0,2.5,50
3694,3694,57F11/020/SS/12,77.601852,14.277027,64.6801,15.297,4.02,0.05,1.41,3.38,2.44,2.59,0.62,0.07,4.867169,759.2,12.5,11.8,74.7,7.7,16.4,24.3,9.5,62.9,305.9,19.5,391.8,5.9,55.1,16.3,29.7,1.5,10,5,1.76,0.1,0.05,0.05,10,1.223416,1.026695,2.5,2.5,15.508549,31.540878,3.740118,14.496059,3.137878,1.028294,0.481137,2.958735,3.055283,0.589985,1.829573,0.309193,2.050224,0.320295,14.428011,0.58547,2.5,1.765707,0,0,57F11,0,0,0,0,2.5,50
3695,3695,57F11/021/SS/12,77.62037,14.277027,64.78,16.48,3.844,0.05,0.95,2.31,2.94,2.38,0.53,0.1,4.822539,712,16.9,10.5,67.6,7.9,16.4,17.5,8.3,62,372.5,14.8,427.7,5.2,43.8,16.7,35.7,1.5,21,5,0.5,0.1,0.05,0.05,10,1.801,0.793,2.5,2.5,15.285,32.262001,3.422,12.943,2.781,0.905,0.347,2.304,2.082,0.39,1.243,0.191,1.302,0.214,12.157,0.612,2.5,1.862,0,0,57F11,0,0,0,0,7,50
3696,3696,57F11/022/SS/12,77.638889,14.277027,61.54,17.05,5.44,0.06,1.08,2.12,2.34,2.42,0.83,0.1,6.543987,786.2,14.6,10.4,89.1,11.1,16.2,18,10.4,65.5,241,18.2,567.8,8.6,66.8,24.3,41.7,1.5,20,5,1.14,0.1,0.05,0.05,22,1.772,0.974,2.5,2.5,27.101,53.873001,5.709,20.309,3.693,1.098,0.466,3.064,2.736,0.508,1.561,0.255,1.779,0.281,15.442,0.901,2.5,2.528,0,0,57F11,0,0,0,0,7,50
3697,3697,57F11/023/SS/12,77.657407,14.277027,62.12,17.25,3.73,0.06,1.37,2.38,2.71,2.77,0.54,0.11,5.969403,788.5,16.1,9.9,60.4,11.9,18,21.4,9.4,78.6,312.9,13.8,457.6,7.5,69.2,23.2,40.2,1.5,18,5,0.5,0.1,0.05,0.05,21,1.908,1.051,2.5,2.5,28.917,55.631001,6.014,21.405001,4.158,1.211,0.498,3.402,2.828,0.511,1.527,0.256,1.669,0.28,17.631001,0.748,2.5,2.323,0,0,57F11,0,0,0,0,7,50
3698,3698,57F11/024/SS/12,77.675926,14.277027,59.52,16.1,6,0.07,2.06,3.51,1.99,2.17,0.88,0.15,6.960256,944,15.4,13.6,108.1,10.4,16.9,38.4,19.3,72,434.2,20.1,891,15.8,77.3,34.3,49.5,1.5,18,5,1.9,0.1,0.18,0.1,10,1.825,1.247,2.5,2.5,44.034,89.809998,11.319,46.009998,9.174,2.673,1.085,7.554,5.927,1.108,3.287,0.563,3.628,0.637,38.967999,0.964,2.5,3.665,0,0,57F11,0,0,0,0,6,50
3699,3699,57F11/025/SS/12,77.694444,14.277027,62.45,15.29,5.57,0.07,1.85,2.33,2.06,2.5,0.77,0.12,6.284072,764.3,17.1,11.3,89,13.6,20.2,83.3,18.1,85.4,269.5,16.4,678.3,14.4,135.9,50.9,40.4,1.5,9,5,1.67,0.1,0.14,0.19,20,1.688,0.769,2.5,2.5,20.750999,42.951,4.903,19.153,4.203,1.494,0.552,3.636,3.242,0.665,1.849,0.323,2.113,0.354,21.257,0.832,2.5,4,0,0,57F11,0,0,0,0,5,50
3700,3700,57F11/026/SS/12,77.712963,14.277027,63.92,14.44,4.35,0.05,1.83,2.91,2.09,2.41,0.65,0.15,6.521092,815.7,12.7,11.2,83.3,14.1,17.4,22.5,10.6,70.5,378.2,16.8,854.4,12.1,61.4,24.4,45.4,1.5,8,5,1.94,0.1,0.13,0.11,21,1.35,0.63,2.5,2.5,29.85,59.87,6.84,25.35,5.3,1.65,0.53,3.98,3.1,0.564,1.83,0.31,1.948,0.335,29.74,0.61,2.5,2.356,0,0,57F11,0,0,0,0,2.5,50
3701,3701,57F11/027/SS/12,77.731481,14.277027,61.3,15.92,4.48,0.06,1.27,2.24,1.85,3.01,0.63,0.14,8.519108,883.4,13.5,10.2,79.5,26.4,14.7,32.8,12.5,99.1,355.5,19.1,981.8,12.6,85,27.8,34.3,1.5,2.5,5,2.65,0.1,0.13,0.1,27,1.217,0.951,2.5,2.5,42.916,89.306,9.41,35.470001,6.82,2.054,0.753,5.185,4.301,0.799,2.406,0.405,2.769,0.485,32.659,1.133,2.5,4.457,0,0,57F11,0,0,0,0,2.5,50
3702,3702,57F11/028/SS/12,77.749999,14.277027,59.42,17.29,5.04,0.06,1.57,2.1,1.87,2.92,0.63,0.15,8.436945,897.6,14.9,9.8,87.9,21.5,18.9,25.1,10.8,97,401,12.7,733.3,14.7,106.1,23.1,48.1,1.5,8,5,2.36,0.1,0.13,0.11,41,1.849,0.744,2.5,2.5,31.59,65.977997,6.902,26.233999,5.245,1.678,0.556,3.813,2.908,0.6,1.91,0.313,2.174,0.387,24.959,1.061,2.5,3.081,0,0,57F11,0,0,0,0,2.5,50
3703,3703,57F11/029/SS/12,77.509259,14.295045,50.85,16.47,9.14,0.17,3.23,5.44,1.47,1.55,1.23,0.08,9.59,638,21,26,367,19,8,91,37,42,163,27,389,9,444,63,78,20,11,5,30,0.65,0.05,0.2,10,1.368668,1.437143,2.5,2.5,32.619203,65.282919,6.543362,22.777208,4.690682,1.36621,0.710843,4.390837,4.763458,0.892085,2.682656,0.460854,3.500444,0.516179,10.415206,0.921966,2.5,3.052,0,0,57F11,0,0,0,0,14,50
3704,3704,57F11/030/SS/12,77.527778,14.295045,53.79,16.11,9.07,0.17,3.18,5.87,1.53,1.24,0.99,0.08,7.11,547,21,26,329,6,19,91,38,32,162,19,162,9,305,54,66,1.5,9,5,20,0.1,0.05,0.1,10,0.434485,1.843421,2.5,2.5,8.475093,18.581674,2.304334,10.11177,2.379646,0.982153,0.511919,3.239738,3.395132,0.679248,1.837501,0.274281,2.383434,0.348331,4.356398,0.524809,2.5,1.027386,0,0,57F11,0,0,0,0,9,50
3705,3705,57F11/031/SS/12,77.546296,14.295045,55.868,15.352,6.53,0.08,2.24,5.64,1.52,1.72,0.96,0.12,9.349593,534.2,13.5,17.9,126,6.9,16,43.2,19.4,50.3,204.4,25.8,205.2,8,72.9,38.2,39.5,6,18,5,2.19,0.21,0.05,0.18,10,1.051683,1.031569,2.5,2.5,18.930928,35.993939,4.336535,16.746835,3.411554,1.203784,0.622255,3.626938,3.956737,0.838389,2.561982,0.40752,2.582071,0.414569,8.750634,0.697806,2.5,1.249155,0,0,57F11,0,0,0,0,8,50
3706,3706,57F11/032/SS/12,77.564815,14.295045,58.288,15.64,6.67,0.09,2.03,5.14,1.69,1.74,1.05,0.1,6.91893,513,14.4,19.3,132.6,7.2,14.4,45.7,18.4,54.9,229.4,19.2,246.2,7,78.6,44.7,37.3,1.5,17,5,1.61,0.1,0.05,0.12,10,1.014573,1.171733,2.5,2.5,17.269983,31.551932,4.00539,16.045501,3.473943,1.248586,0.659819,3.900127,4.294567,0.904262,2.645161,0.465549,3.008086,0.47549,10.664843,0.79478,2.5,2.069609,0,0,57F11,0,0,0,0,7,50
3707,3707,57F11/033/SS/12,77.583333,14.295045,60.74,15.43,6.45,0.09,1.71,3.94,2.1,1.98,1.04,0.11,5.742058,601.5,12.4,16.2,132.1,7.5,15.5,40,15,59.2,235.6,19.1,325.4,8,67.3,39.5,41.6,1.5,12,15,1.3,0.1,0.05,0.12,10,1.013219,1.066958,2.5,2.5,24.807662,48.230478,5.48093,20.346695,4.159232,1.356055,0.654681,4.101846,4.346842,0.873051,2.561714,0.41423,2.668233,0.444324,14.75434,0.733282,2.5,1.90684,0,0,57F11,0,0,0,0,6,50
3780,3780,57F11/034/SS/12,77.601852,14.295045,61.76,15.21,4.738,0.08,1.79,3.96,2.64,2.28,0.85,0.1,5.699736,638.5,13.6,14.1,94.9,8,17.8,32.2,14.8,65.8,312.8,25.1,362.7,7.6,70.1,20.7,34.7,1.5,14,5,2.08,0.21,0.05,0.05,10,1.645,1.128,2.5,2.5,15.765,34.145,3.839,14.837,3.363,1.11,0.525,3.154,3.355,0.651,2.052,0.333,2.238,0.372,12.231,0.877,2.5,2.245,0,0,57F11,0,0,0,0,2.5,50
3781,3781,57F11/035/SS/12,77.62037,14.295045,63.26,17.17,4.43,0.05,1.17,2.47,2.89,2.17,0.64,0.1,5.253246,691.7,20.4,10.9,77.2,7.2,18.4,21.7,9.1,52.9,374.5,23.9,538.9,6.2,77.5,17.6,36.5,1.5,18,5,1.08,0.1,0.05,0.05,10,1.616,0.916,2.5,2.5,16.969999,34.022999,3.764,14.073,2.948,0.995,0.385,2.578,2.382,0.436,1.327,0.233,1.545,0.266,15.954,0.631,2.5,1.912,0,0,57F11,0,0,0,0,7,50
3782,3782,57F11/036/SS/12,77.638889,14.295045,65.19,14.76,3.05,0.04,1.37,3.11,3.23,2.74,0.46,0.11,5.268924,960.8,15.7,10,47,9,18.6,11.5,4.2,72.4,348.7,15.5,566,8.9,33.4,9.7,36.9,10,13,5,0.5,0.1,0.05,0.11,36,1.325,0.869,2.5,2.5,25.572001,43.880001,5.011,18.756001,3.857,1.254,0.464,3.224,2.668,0.513,1.517,0.264,1.649,0.303,23.440001,0.567,2.5,3.016,0,0,57F11,0,0,0,0,2.5,50
3783,3783,57F11/037/SS/12,77.657407,14.295045,63.37,15.42,3.62,0.06,1.09,2.68,2.67,2.99,0.67,0.11,6.630824,903.7,16.9,9.9,60.3,10.4,20.4,13.9,8.3,87.4,301.2,20.7,448.1,10.8,40.3,16.5,34.6,1.5,16,5,1.09,0.1,0.11,0.19,86,1.75,0.88,2.5,2.5,26.237,49.304001,5.372,20.212,4.185,1.402,0.536,3.437,2.95,0.579,1.668,0.283,1.862,0.314,16.551001,0.821,2.5,2.94,0,0,57F11,0,0,0,0,7,50
3784,3784,57F11/038/SS/12,77.675926,14.295045,57.63,15.31,5.35,0.07,2.08,4.45,2.01,2.13,0.83,0.15,9.308089,764.5,16.4,13.4,101.5,10.7,20.2,28.2,14.8,71.2,367.8,16.5,458.4,11.2,67.5,29.8,46.3,1.5,15,5,1.65,0.1,0.16,0.52,22,1.408,0.885,2.5,2.5,35.105999,68.691002,7.968,31.224001,6.041,1.817,0.766,5.157,4.264,0.842,2.434,0.418,2.639,0.458,23.459999,1.005,2.5,5.653,0,0,57F11,0,0,0,0,6,50
3785,3785,57F11/039/SS/12,77.694444,14.295045,64.08,15.8,3.99,0.05,0.98,2.03,2.53,2.68,0.72,0.1,6.471816,775.4,13.3,10.5,79.4,12.7,23.2,15.7,9.7,79.7,296.9,13.5,684.8,11.7,61,19.1,41.1,1.5,8,5,1.92,0.1,0.11,0.13,23,1.34,0.69,2.5,2.5,26.186001,49.808998,5.784,21.802,4.69,1.534,0.508,3.521,2.954,0.582,1.666,0.276,1.92,0.336,21.579,0.747,2.5,2.748,0,0,57F11,0,0,0,0,5,50
3786,3786,57F11/040/SS/12,77.712963,14.295045,62.75,14.16,4.23,0.05,1.74,3.15,2.11,2.36,0.84,0.12,7.803757,787.1,17.1,11.3,82.1,12.5,17.4,23.9,8,67.4,358.5,19.6,961.7,11.3,59.1,18.1,36.8,1.5,9,5,1.85,0.1,0.11,0.12,26,1.086,0.576,2.5,2.5,29.184999,53.098,5.907,22.389999,4.644,1.508,0.506,3.576,2.9,0.579,1.77,0.322,2.13,0.395,34.508999,0.546,2.5,3.345,0,0,57F11,0,0,0,0,5,50
3787,3787,57F11/041/SS/12,77.731481,14.295045,58.45,16.85,5.17,0.07,1.5,2.8,1.76,2.84,0.91,0.14,8.974104,875.7,17.4,12.4,94.9,21.8,18.4,49.4,10.9,92.6,342,18.3,796.1,14.7,113.6,27.9,39.8,1.5,15,5,2.81,0.1,0.12,0.15,62,1.274,0.679,2.5,2.5,32.800999,67.157997,7.108,26.268,4.925,1.623,0.51,3.723,2.9,0.589,1.667,0.29,2.027,0.35,26.094999,0.928,2.5,2.899,0,0,57F11,0,0,0,0,5,50
3788,3788,57F11/042/SS/12,77.749999,14.295045,64.43,13.77,3.41,0.06,1.46,3.08,2.19,3.36,0.57,0.32,6.667335,1063.5,15.6,10.1,61.3,18.5,21.5,17.7,6.6,102.6,497.5,11.4,883.2,13.7,57.6,22.7,39.2,1.5,12,5,1.635,0.1,0.13,0.13,93,1.636,0.712,2.5,2.5,24.587999,50.862999,5.467,20.686001,4.392,1.391,0.45,3.111,2.572,0.542,1.606,0.29,1.965,0.366,29.087,0.848,2.5,3.782,0,0,57F11,0,0,0,0,20,50
3789,3789,57F11/043/SS/12,77.509259,14.313063,52.541,14.95,9.88,0.17,3.14,6.15,1.34,0.79,1.14,0.09,9.173488,246.9,9.9,25.7,212.4,2,9.4,89.8,34.8,22.6,131.1,13.6,135.3,5.3,133.4,84.4,53.8,124,15,5,18.06,0.8,0.05,0.31,34,0.533501,1.391099,2.5,2.5,13.714938,30.563406,3.79647,15.751113,3.662023,1.326096,0.802662,4.337091,5.36594,1.128765,3.299692,0.539447,3.179943,0.502557,5.442844,0.527944,2.5,0.989434,0,0,57F11,0,0,0,0,13,50
3790,3790,57F11/044/SS/12,77.527778,14.313063,56.82,15.643,8.67,0.12,2.74,4.99,1.31,1.15,1.09,0.08,6.711878,343.8,12.3,21.8,182.7,4.1,13.6,75.5,26.6,37,154.2,17.3,206.9,6.5,112.1,61.7,45.2,1.5,14,15,2.92,0.22,0.05,0.13,10,0.582885,1.086866,2.5,2.5,10.592193,22.48288,2.805921,11.626487,2.939025,1.10266,0.617636,3.486233,4.339679,0.889676,2.75699,0.459644,2.862596,0.435825,8.610733,0.526359,2.5,1.183651,0,0,57F11,0,0,0,0,7,50
3791,3791,57F11/045/SS/12,77.546296,14.313063,58.653,14.89,6.43,0.09,1.99,4.73,1.98,1.58,0.9,0.08,8.044827,495.9,13.3,16.7,124.1,7.2,12.6,47.7,19.2,41.6,178.6,26.4,263.9,6.2,88.3,40.1,39,168,12,5,21.33,0.62,0.05,0.23,10,0.90785,1.01373,2.5,2.5,19.715654,38.882826,4.499401,17.740844,3.758521,1.165591,0.64193,3.784633,4.135924,0.831181,2.50863,0.416745,2.510682,0.42193,11.038305,0.633816,2.5,1.591886,0,0,57F11,0,0,0,0,6,50
3792,3792,57F11/046/SS/12,77.564815,14.313063,59.35,16.27,5.97,0.08,2.01,3.89,1.95,1.88,0.77,0.11,7.03,604,19,17,120,12,13,39,17,63,278,16,327,7,98,29,55,1.5,18,5,1.37,0.1,0.05,0.24,55,1.043282,0.966851,2.5,2.5,21.543547,41.370151,4.876586,18.494675,3.888815,1.226982,0.662883,3.914464,4.220953,0.854575,2.673503,0.40661,2.772645,0.451328,15.148268,0.706168,2.5,1.995753,0,0,57F11,0,0,0,0,8,50
3793,3793,57F11/047/SS/12,77.583333,14.313063,56.204,16.24,8.51,0.12,2.19,4.51,1.61,1.57,1.14,0.12,7.117865,501.7,9.7,20.9,162.6,5.9,14.5,66.4,26.9,51.9,188.8,20.9,280.4,7,102.4,54.5,44.4,1.5,14,5,1.69,0.1,0.1,0.15,25,0.85879,1.173431,2.5,2.5,21.103973,42.045113,5.203181,21.149375,4.601671,1.536338,0.794324,4.7581,5.06749,1.024588,3.0181,0.491625,3.156136,0.50434,9.238897,0.757433,2.5,1.264985,0,0,57F11,0,0,0,0,7,50
3794,3794,57F11/048/SS/12,77.601852,14.313063,60.3,15.331,5.53,0.08,1.84,3.41,2.69,2,0.86,0.1,7.211586,635.4,13.3,15.1,104.5,6.3,16.2,34.8,14.3,59.1,239.2,23.8,411.2,6.4,72.3,28.9,35.1,1.5,13,5,3.52,0.27,0.05,0.14,10,1.269663,1.171035,2.5,2.5,26.231172,50.60833,6.076184,23.507131,4.710659,1.446675,0.778731,4.567331,4.692856,0.939101,2.951292,0.4817,2.908954,0.468846,16.703088,0.863087,2.5,3.403409,0,0,57F11,0,0,0,0,6,50
3795,3795,57F11/049/SS/12,77.62037,14.313063,65.49,16.85,4.5,0.05,0.73,1.82,2.57,2.49,0.72,0.08,4.234339,695.9,18.3,8.4,87.9,11.1,16.2,16.8,9.2,61.3,318.7,16.3,406.7,5.9,52.5,22.3,28.4,1.5,11,5,1.47,0.1,0.05,0.05,10,1.46,0.893,2.5,2.5,13.725,28.695999,3.208,12.35,2.722,0.893,0.373,2.35,2.218,0.423,1.331,0.219,1.503,0.274,14.363,0.65,2.5,1.913,0,0,57F11,0,0,0,0,6,50
3796,3796,57F11/050/SS/12,77.638889,14.313063,58.47,16.53,5.9,0.07,1.42,3.23,2.05,2.27,0.78,0.15,8.45,728,21,17,121,14,13,29,12,71,305,18,427,11,50,40,60,1.5,11,5,1.05,0.1,0.11,0.22,37,1.92,0.896,2.5,2.5,30.945999,57.953999,6.392,24.240999,4.981,1.555,0.649,4.27,3.636,0.725,2.061,0.36,2.221,0.392,21.813,0.844,2.5,3.842,0,0,57F11,0,0,0,0,7,50
3797,3797,57F11/051/SS/12,77.657407,14.313063,62.26,14.96,4.19,0.05,1.62,2.78,2.37,2.73,0.82,0.16,7.462242,897.5,14.1,10.9,80.1,11.3,21.3,14.9,9.4,73.4,308.3,15.5,663.6,10.7,48.2,17.4,38.6,1.5,16,5,1.47,0.1,0.13,0.21,10,1.861,0.851,2.5,2.5,26.190001,50.821999,5.53,21.535999,4.53,1.491,0.616,3.94,3.431,0.69,2.07,0.37,2.374,0.442,31.677999,0.965,2.5,4.312,0,0,57F11,0,0,0,0,12,50
3798,3798,57F11/052/SS/12,77.675926,14.313063,69.86,14.53,2.69,0.04,0.6,2.1,3.04,2.87,0.52,0.07,3.019468,894.6,14.4,7.1,47.4,15.8,18.7,8.5,4.7,74.9,275.9,18.9,867.9,10.4,37.4,11.2,25.1,1.5,10,5,1,0.1,0.12,0.05,10,1.125,0.793,2.5,2.5,21.622,39.299,4.483,17.299,3.71,1.18,0.472,3.073,2.887,0.583,1.805,0.333,2.203,0.418,37.299999,0.82,2.5,5.072,0,0,57F11,0,0,0,0,2.5,50
3799,3799,57F11/053/SS/12,77.694444,14.313063,64.89,15.61,3.23,0.04,1.2,2.56,2.45,2.89,0.55,0.1,5.88697,739.8,14.8,9.6,55,11.3,21.5,13.6,7.8,86.5,304,18.1,561.4,10.1,50.3,13,35.5,1.5,15,5,1.93,0.1,0.15,0.11,31,1.765,0.803,2.5,2.5,28.288,55.499001,5.95,22.049999,4.434,1.478,0.519,3.559,2.989,0.604,1.763,0.289,2.004,0.344,20.716,0.669,2.5,2.69,0,0,57F11,0,0,0,0,2.5,50
3800,3800,57F11/054/SS/12,77.712963,14.313063,63.73,15.4,4.25,0.06,1.37,2.46,2.07,2.74,0.62,0.14,6.475594,807.3,13.1,11.9,72.4,13.8,19,27.7,13.2,84.2,335.7,18.1,633,11.2,65.2,23.5,45.7,1.5,10,5,2.12,0.1,0.14,0.17,36,1.448,0.74,2.5,2.5,34.000999,66.058998,7.33,27.642,5.378,1.66,0.584,4.083,3.441,0.654,1.974,0.344,2.301,0.393,26.891001,0.659,2.5,2.74,0,0,57F11,0,0,0,0,8,50
3801,3801,57F11/055/SS/12,77.731481,14.313063,61.62,15.68,4.1,0.06,1.28,2.89,2.43,3.21,0.63,0.12,6.92,903,21,15,78,39,1,26,9,107,476,19,835,12,52,14,41,1.5,14,5,2.36,0.1,0.05,0.19,45,1.924,0.813,2.5,2.5,46.071999,89.094002,9.712,35.221001,6.171,1.811,0.617,4.555,3.43,0.658,1.94,0.337,2.22,0.367,23.667999,1.046,2.5,2.669,0,0,57F11,0,0,0,0,5,50
3802,3802,57F11/056/SS/12,77.749999,14.313063,58.29,12.97,2.99,0.04,1.78,7.69,3.19,3.02,0.54,0.15,8.636454,1021.4,12.5,14.1,56.4,20.4,15.3,13,7.8,88.9,503.1,21.3,624.3,14.4,46.8,17.1,36.6,1.5,16,5,1,0.1,0.13,0.05,25,1.131,0.608,2.5,2.5,36.67,65.39,7.777,29.72,5.438,1.63,0.518,3.85,2.727,0.514,1.74,0.241,1.708,0.298,20.927999,1.073,2.5,3.091,0,0,57F11,0,0,0,0,2.5,50
3803,3803,57F11/057/SS/12,77.509259,14.331081,48.54,13.962,8.79,0.12,3.52,8.38,0.65,0.78,0.9,0.1,13.906561,277.7,12.4,27,199.1,5.7,12.8,79.7,30.5,27.2,155.4,28.5,189.6,4.9,117.9,85.7,44.2,1.5,16,5,4.34,0.89,0.05,0.27,31,0.692191,1.350013,2.5,2.5,20.9159,42.796508,5.359884,21.530214,4.669484,1.541548,0.907949,5.15088,5.839576,1.192251,3.519082,0.55861,3.601592,0.567595,9.922504,0.496557,2.5,1.21604,0,0,57F11,0,0,0,0,35,50
3875,3875,57F11/058/SS/12,77.527778,14.331081,52.88,14.45,7.3,0.13,3.47,7.3,1.66,1.48,1.58,0.09,8.78,640,18,19,314,7,21,54,25,39,271,22,237,10,214,34,70,1.5,9,5,24,0.1,0.05,0.1,10,1.216333,1.409217,2.5,2.5,15.493053,32.303606,3.74235,17.099453,3.727605,1.302183,0.649233,4.053373,4.185109,0.823483,2.102936,0.435649,2.98176,0.42882,7.293129,0.832937,2.5,1.665828,0,0,57F11,0,0,0,0,6,50
3876,3876,57F11/059/SS/12,77.546296,14.331081,65.3209,14.68,4.96,0.06,1.32,2.92,2.25,2.23,0.96,0.08,4.497196,623.2,13.8,11.3,104.3,9.3,17.2,23.1,12.6,66.1,228.6,15.1,605.8,8,48.9,24.3,32.9,1.5,13,5,1.1,0.1,0.05,0.12,10,0.93484,1.041963,2.5,2.5,23.586528,51.228347,5.323582,20.248114,4.082579,1.217188,0.643155,3.916241,4.167077,0.84734,2.590126,0.430727,2.73221,0.486748,22.799572,0.811904,2.5,3.053134,0,0,57F11,0,0,0,0,2.5,50
3877,3877,57F11/060/SS/12,77.564815,14.331081,58.487,14.91,4.97,0.07,1.94,5.11,1.44,1.83,0.65,0.12,9.864082,550,11.5,15.1,68.5,12,14.2,34.5,16.1,53.8,205.1,17.4,332.9,6.3,67.5,64.3,36,1.5,17,5,1.64,0.1,0.05,0.13,22,1.039879,0.91845,2.5,2.5,20.202109,38.833281,4.603937,17.25348,3.700574,1.188426,0.631093,3.842431,3.966282,0.813952,2.594623,0.417731,2.626983,0.431213,14.808609,0.568442,2.5,1.905732,0,0,57F11,0,0,0,0,7,50
3878,3878,57F11/061/SS/12,77.583333,14.331081,58.789,15.14,6.24,0.08,3.08,4.11,1.61,1.75,0.75,0.1,7.746619,528.3,10.8,15.5,112.5,9.1,15,44.1,15.1,55.3,225.4,21.4,272.3,5.9,114.6,46.2,40.7,1.5,15,5,1.22,0.1,0.05,0.15,23,1.107442,1.058605,2.5,2.5,25.659111,48.275855,5.735697,21.59774,4.460685,1.315998,0.715579,4.263882,4.408872,0.90652,2.594315,0.418383,2.678743,0.426627,12.722458,0.838221,2.5,1.705869,0,0,57F11,0,0,0,0,9,50
3879,3879,57F11/062/SS/12,77.601852,14.331081,58.95,13.89,4.501,0.06,1.73,7.54,2.66,2.01,0.73,0.13,6.963154,636.9,15.1,15.7,95.9,9.7,16.1,28.8,9.1,52.3,338.8,25.6,501.4,9.3,65.9,21.6,32.1,1.5,14,5,2.01,0.2,0.05,0.05,20,1.424,0.988,2.5,2.5,19.076,40.898998,4.862,19.540001,4.279,1.317,0.635,4.061,3.909,0.758,2.291,0.37,2.477,0.407,17.587999,0.807,2.5,2.534,0,0,57F11,0,0,0,0,14,50
3880,3880,57F11/063/SS/12,77.62037,14.331081,63.689,13.76,4.71,0.07,1.78,4.05,2.25,1.86,0.9,0.1,6.217617,552.6,13.1,12.6,95.5,9.8,14.9,46.6,10.9,48.3,310.2,20.9,634,8.3,104.2,27.3,31.3,1.5,12,5,1.78,0.1,0.05,0.05,10,1.349,0.768,2.5,2.5,20.125999,42.094002,4.804,19.358,4.205,1.335,0.584,3.727,3.56,0.692,1.998,0.315,2.166,0.399,22.782,0.724,2.5,2.63,0,0,57F11,0,0,0,0,2.5,50
3881,3881,57F11/064/SS/12,77.638889,14.331081,65.73,14.93,4.81,0.06,1.04,2.61,2.04,2.14,0.97,0.08,4.901961,754,16.3,11.3,105.8,7.9,17.6,21.4,13.8,57.3,312.4,17,651.5,10.6,52.3,27.1,34.5,1.5,13,5,1.56,0.1,0.13,0.18,10,1.223,0.883,2.5,2.5,16.562,31.805,3.816,15.721,3.665,1.392,0.535,3.296,3.303,0.663,1.996,0.342,2.247,0.426,27.639999,0.739,2.5,3.634,0,0,57F11,0,0,0,0,2.5,50
3882,3882,57F11/065/SS/12,77.657407,14.331081,63.45,14.81,3.99,0.05,1.29,3.53,2.56,2.72,0.68,0.15,6.217873,1320.2,16.4,11.9,79.6,12.2,18.9,14.8,11.3,76.1,360.8,21.6,631.9,11.1,48.7,23.6,38.7,1.5,8,5,1.27,0.1,0.17,0.15,10,1.447,0.743,2.5,2.5,31.708,60.705002,6.665,25.122999,5.058,1.381,0.671,4.37,3.82,0.761,2.286,0.395,2.54,0.445,29.434999,0.857,2.5,3.87,0,0,57F11,0,0,0,0,2.5,50
3883,3883,57F11/066/SS/12,77.675926,14.331081,66.83,14.69,3.78,0.04,1,2.66,2.73,2.66,0.55,0.08,4.317959,1228.8,18.8,10.6,67.8,10.8,17.8,13.6,7.1,70.1,313.5,20.1,714.3,9.7,53.2,22.4,28,1.5,2.5,5,1,0.1,0.14,0.13,10,1.302,0.824,2.5,2.5,22.646,42.582001,4.951,19.289,4.187,1.333,0.53,3.595,3.145,0.642,1.872,0.335,2.11,0.4,29.832001,0.618,2.5,4.443,0,0,57F11,0,0,0,0,2.5,50
3884,3884,57F11/067/SS/12,77.694444,14.331081,66.03,15.02,3.65,0.04,1.06,2.12,2.43,2.76,0.59,0.1,5.591975,798.6,15.3,10.2,67.9,12.2,20,19.4,12,78.6,281.4,13,498.6,10.5,50.1,19.3,36.6,1.5,14,5,1.64,0.1,0.11,0.1,28,1.403,0.806,2.5,2.5,22.926001,44.037998,5.112,19.716999,4.25,1.53,0.502,3.343,2.846,0.587,1.705,0.298,1.829,0.315,18.586,0.574,2.5,2.152,0,0,57F11,0,0,0,0,2.5,50
3885,3885,57F11/068/SS/12,77.712963,14.331081,59.07,16.57,6.3,0.07,1.62,2.8,1.95,2.38,0.8,0.18,7.677601,723.7,15.5,14.3,119.5,13.8,16.9,40.1,17.8,79.2,360,16.6,672.3,13.1,80.6,46.6,51,1.5,10,5,2.09,0.1,0.11,0.16,89,1.84,0.881,2.5,2.5,35.287998,71.222,8.392,33.276001,6.814,2.058,0.771,5.339,4.603,0.883,2.558,0.42,2.827,0.483,24.211,0.88,2.5,2.636,0,0,57F11,0,0,0,0,9,50
3886,3886,57F11/069/SS/12,77.731481,14.331081,63.09,16.03,4.82,0.07,1.2,2.32,2.4,3.08,0.7,0.11,5.761358,946.1,12.4,12.8,88.2,24.2,14.5,51.5,14.2,100.1,369.8,16.2,875.5,13.9,153.4,24.2,47.3,1.5,2.5,5,1.8,0.1,0.05,0.15,28,1.245,0.752,2.5,2.5,27.099001,56.755001,6.058,23.038,4.83,1.592,0.546,3.657,3.164,0.641,2.044,0.355,2.395,0.422,31.736,0.9,2.5,3.522,0,0,57F11,0,0,0,0,2.5,50
3887,3887,57F11/070/SS/12,77.749999,14.331081,61.67,15.22,4.48,0.05,1.24,3.07,2.17,3.22,0.8,0.12,7.279012,939.2,11.8,11.9,95.6,38.4,10,24,9.7,96.1,426.3,19.5,1179.6,14.7,75.5,23.7,31.7,1.5,2.5,5,2.18,0.1,0.05,0.18,36,2.032,0.711,2.5,2.5,28.513,63.543999,6.754,26.469999,5.884,1.75,0.683,4.454,4.048,0.817,2.659,0.466,3.132,0.563,46.951,1.044,2.5,5.993,0,0,57F11,0,0,0,0,2.5,50
3888,3888,57F11/071/SS/12,77.509259,14.349099,48.22,16.64,11.67,0.23,4.34,6.3,0.8,0.44,1.13,0.09,9.39,360,26,30,472,6,15,118,52,11,159,28,151,7,391,96,66,4,12,5,21,0.55,0.05,0.25,10,0.41,1.568039,2.5,2.5,12.266386,28.048167,3.327747,14.893745,3.529597,1.309885,0.807789,5.067173,4.95483,1.150277,2.896065,0.476148,3.247968,0.494891,4.412707,0.290725,2.5,0.852232,0,0,57F11,0,0,0,0,18,50
3889,3889,57F11/072/SS/12,77.527778,14.349099,57.8,16.56,7.96,0.14,2.79,3.52,1.5,1.69,1.2,0.09,5.96,530,21,26,299,9,20,67,26,57,203,24,204,12,273,44,76,6,14,5,22,0.65,0.26,0.25,20,0.833578,1.436576,2.5,2.5,13.394284,29.41592,3.299835,14.089501,3.179194,1.087585,0.855607,4.65828,5.982107,1.319941,3.666444,0.66068,4.42405,0.694473,6.27928,1.581822,2.5,2.298264,0,0,57F11,0,0,0,0,10,50
3890,3890,57F11/073/SS/12,77.546296,14.349099,62.857,15.291,4.242,0.05,1.92,3.37,1.76,2.39,0.65,0.08,6.66202,682.2,11.3,10.6,71.1,14.6,19,25.4,11.4,71.2,209.1,16.6,429.4,6.3,74.3,21.5,37.8,1.5,16,5,1.52,0.1,0.05,0.05,10,0.98457,0.932456,2.5,2.5,21.524533,41.957262,4.782317,17.734192,3.682068,1.08874,0.60585,3.58098,4.070535,0.854667,2.577474,0.451006,2.964985,0.511002,21.520512,0.683397,2.5,2.646843,0,0,57F11,0,0,0,0,5,50
3891,3891,57F11/074/SS/12,77.564815,14.349099,62.34,16.172,4.32,0.06,1.52,2.8,1.87,2.49,0.73,0.09,6.906518,769.4,12.8,11.2,73.5,9.1,18,25.5,7.8,65.6,236.1,27.4,599.1,6.6,67.2,20.5,33.3,1.5,14,5,1.88,0.1,0.05,0.1,10,1.11624,0.881989,2.5,2.5,23.146143,44.447853,5.067414,18.331517,3.73956,1.245916,0.62028,3.561869,3.9284,0.785025,2.46097,0.416944,2.747141,0.442005,25.797752,0.618332,2.5,2.261822,0,0,57F11,0,0,0,0,7,50
3892,3892,57F11/075/SS/12,77.583333,14.349099,63.912,12.62,3.3,0.05,1.77,6,2.58,2.28,0.64,0.09,6.059089,764.6,9.5,14.5,63.5,4.3,15.7,17.4,4.9,52.6,280.8,19.1,384.4,5,42.3,13.4,25.7,1.5,10,5,0.5,0.1,0.05,0.05,10,0.659068,0.813442,2.5,2.5,12.593781,24.744086,2.948226,11.389929,2.735994,1.031924,0.561213,3.101623,3.864804,0.817304,2.410476,0.405453,2.56729,0.435691,16.094328,0.516779,2.5,1.637768,0,0,57F11,0,0,0,0,2.5,50
3893,3893,57F11/076/SS/12,77.601852,14.349099,64.04,14.17,4.65,0.07,1.91,3.57,2.07,2.12,0.84,0.11,5.80696,600.3,13.6,12.5,93.1,8.2,17.2,30.7,12.5,58.7,306,19.9,613.5,7.5,69.4,22.9,35.1,1.5,12,5,2.4,0.21,0.12,0.05,21,1.322,0.869,2.5,2.5,22.804001,47.123001,5.539,21.271999,4.595,1.294,0.659,4.073,3.786,0.719,2.115,0.34,2.227,0.393,17.642,0.673,2.5,2.177,0,0,57F11,0,0,0,0,2.5,50
3894,3894,57F11/077/SS/12,77.62037,14.349099,62.96011,14.67,5.44,0.08,2.56,3.95,2.05,1.93,0.68,0.13,4.871003,570.3,15.6,15.4,96.6,8.4,15.8,64.1,18.1,52.7,267,21.8,521.2,6,133.8,24.7,38.8,1.5,11,5,1.73,0.1,0.13,0.1,21,1.051,0.946,2.5,2.5,23.545,48.546001,5.6,21.711,4.514,1.251,0.625,4.134,3.684,0.727,2.199,0.331,2.322,0.379,17.784,0.641,2.5,1.66,0,0,57F11,0,0,0,0,10,50
3895,3895,57F11/078/SS/12,77.638889,14.349099,65.6,15.1,3.68,0.06,1.07,2.51,2.62,2.53,0.91,0.08,5.03,850,18,14,83,19,9,29,7,68,375,16,853,15,94,13,31,1.5,9,5,1.6,0.1,0.12,0.05,10,1.537,0.695,2.5,2.5,20.892,37.839001,4.382,16.914,3.494,1.134,0.427,2.81,2.406,0.492,1.457,0.271,1.782,0.32,27.382,0.583,2.5,2.271,0,0,57F11,0,0,0,0,2.5,50
3896,3896,57F11/079/SS/12,77.657407,14.349099,64.6,16.13,3.76,0.05,1.08,1.9,2.49,3,0.52,0.09,5.878818,1051,16.4,8.8,56.3,8.5,23.5,39.3,12.2,85,221.2,14.7,470.1,8.5,94.9,17.2,38.6,1.5,11,5,1.56,0.1,0.14,0.18,10,2.177,0.845,2.5,2.5,25.122,48.235001,5.118,19,3.766,1.197,0.471,3.149,2.722,0.522,1.583,0.288,1.848,0.328,21.754,0.815,2.5,3.039,0,0,57F11,0,0,0,0,5,50
3897,3897,57F11/080/SS/12,77.675926,14.349099,63.44,15.16,4,0.05,1.66,2.86,2.31,2.65,0.58,0.17,6.477932,835.5,16.9,9.6,65,12.2,21.7,40.8,11.4,80.3,285.2,17.5,582.6,11.2,141.2,16.6,56.9,1.5,15,5,1.36,0.1,0.13,0.24,37,1.524,0.873,2.5,2.5,34.007,63.423,7.049,25.792,5.005,1.424,0.642,4.129,3.524,0.699,2.078,0.363,2.323,0.419,27.398001,0.802,2.5,3.1,0,0,57F11,0,0,0,0,7,50
3898,3898,57F11/081/SS/12,77.694444,14.349099,68.38,14.13,2.82,0.04,0.97,2.61,3.15,3.02,0.54,0.09,3.555864,1007.9,13.5,9.9,59.9,10.9,19.2,12.5,8,73.8,408.4,18,762.3,10.7,53.1,14.7,25,1.5,2.5,5,1.11,0.1,0.05,0.05,23,1.114,0.68,2.5,2.5,22.113001,42.733002,5.051,19.398001,4.329,1.531,0.467,3.267,2.666,0.513,1.583,0.282,1.846,0.316,25.087,0.437,2.5,2.463,0,0,57F11,0,0,0,0,2.5,50
3934,3934,57F07/112/SS/12,77.5,14.385233,60.278,15.81,6.18,0.08,1.87,4.25,2.71,2.3,1,0.2,4.633956,741.8,14.6,13.3,110,14.9,15,21.5,14.9,74.6,320.5,33.6,1047.9,18.4,66.9,26.8,44.6,1.5,14.8,5,2.57,0.1,0.15,0.05,10,1.67,1.133,2.5,2.5,57.436001,122.592003,13.742,51.009998,9.377,2.398,1.17,7.8,6.327,1.199,3.629,0.597,4,0.691,31.979,1.185,2.5,4.908,0,0,57F07,0,0,0,0,2.5,50
3969,3969,57F11/082/SS/12,77.712963,14.349099,57.56,15.89,5.83,0.07,2.24,4.27,1.98,2.25,0.79,0.12,8.346198,780.9,18.1,16.2,111.5,12.9,16.2,51.3,20,70.7,457.1,16.5,563.7,12.4,96.7,31.1,47.4,1.5,14,5,2.27,0.1,0.13,0.28,54,1.229,0.904,2.5,2.5,30.495001,60.138,6.947,27.688,5.595,1.673,0.609,4.319,3.322,0.62,1.851,0.312,2.048,0.351,16.870001,0.644,2.5,2.605,0,0,57F11,0,0,0,0,2.5,50
3970,3970,57F11/083/SS/12,77.731481,14.349099,60.37,15.7,5.37,0.07,1.84,2.64,1.93,2.82,1.17,0.15,7.305531,836.8,21.2,11.2,114.4,24.3,13.9,36.3,14.8,101.1,419.5,25.1,991.9,16.7,74.4,26.6,46,1.5,19,5,2.36,0.1,0.12,0.23,61,1.619,1.021,2.5,2.5,33.810001,67.802002,7.768,29.775999,5.881,1.725,0.683,4.485,3.653,0.712,2.221,0.388,2.547,0.448,30.604,1.133,2.5,3.581,0,0,57F11,0,0,0,0,6,50
3971,3971,57F11/084/SS/12,77.749999,14.349099,68.09,15,2.84,0.04,0.58,2.02,2.67,3.78,0.45,0.09,3.776183,1088.4,16.8,9.3,49.1,22.1,19.9,11.7,5.1,108.7,466.3,19.5,1418.5,11.9,45.4,12,27.4,1.5,10,5,0.5,0.1,0.05,0.05,28,1.697,0.752,2.5,2.5,23.296,47.133999,5.469,21.621,4.807,1.313,0.56,3.679,3.319,0.659,2.014,0.394,2.716,0.5,42.212002,0.668,2.5,4.606,0,0,57F11,0,0,0,0,2.5,50
3972,3972,57F11/085/SS/12,77.509259,14.367117,49.71,15.81,10.36,0.2,3.82,6.79,1.1,0.87,1.05,0.1,9.61,441,21,26,397,7,17,101,43,22,158,22,238,7,381,80,74,6,12,5,25,0.3,0.05,0.1,21,0.998322,2.253877,2.5,2.5,14.770541,32.279556,3.791682,16.957002,3.444177,1.059506,0.716198,3.887056,4.079471,0.806185,1.914403,0.449858,2.553163,0.470235,6.911191,0.526622,2.5,1.583999,0,0,57F11,0,0,0,0,15,50
3973,3973,57F11/086/SS/12,77.527778,14.367117,47.27,16.19,11.23,0.19,4.82,5.89,0.99,0.44,1.14,0.08,11.13,333,20,30,432,7,13,106,44,10,126,24,145,6,379,97,74,70,10,5,21,0.25,0.05,0.2,28,0.63,1.66224,2.5,2.5,9.582497,23.489961,2.951812,11.047466,3.264602,1.186109,0.739608,3.99103,3.838444,0.875076,2.410375,0.463314,2.99423,0.466425,4.415865,0.403556,2.5,1.098319,0,0,57F11,0,0,0,0,80,50
3974,3974,57F11/087/SS/12,77.546296,14.367117,50.61,15.47,9.64,0.18,3.91,6.69,1.74,1.04,1.28,0.1,8.66,430,21,21,310,7,18,89,38,31,177,23,171,12,291,53,77,1.5,13,5,19,0.35,0.12,0.1,23,1.294336,1.413459,2.5,2.5,11.867123,26.177197,3.020995,13.606147,3.236105,1.11136,0.549019,3.650086,4.060475,0.858505,2.208014,0.396744,2.63508,0.47715,5.037098,0.652341,2.5,1.235523,0,0,57F11,0,0,0,0,11,50
3975,3975,57F11/088/SS/12,77.564815,14.367117,68.3972,15.8,2.46,0.03,0.66,2.22,3.11,3.09,0.34,0.06,3.167285,842.1,15.4,8.8,31.6,7.7,21.8,7.4,2.9,71.7,267.7,19,556.6,5,35.8,10.7,24.4,1.5,10,5,0.05,0.1,0.05,0.05,10,1.146977,0.734238,2.5,2.5,14.28468,26.921165,2.994333,11.097154,2.393479,0.927878,0.399058,2.244142,2.518714,0.550293,1.646833,0.277074,1.904699,0.318524,21.515553,0.431124,2.5,1.654932,0,0,57F11,0,0,0,0,22,50
3976,3976,57F11/089/SS/12,77.583333,14.367117,63.495,16.261,4.39,0.06,1.19,2.61,2.36,2.63,0.53,0.09,5.690895,675.5,13,9.9,72.7,10,14.8,22.5,10.2,76.8,218.9,20.3,404.7,7.1,48.3,22.2,33.6,1.5,22,5,1.23,0.1,0.05,0.11,20,1.270443,1.017324,2.5,2.5,23.153253,45.496669,4.939869,18.186811,3.869294,1.193489,0.637822,3.69045,3.907886,0.765482,2.524202,0.431608,2.696868,0.481817,16.654578,0.881458,2.5,2.430777,0,0,57F11,0,0,0,0,7,50
3977,3977,57F11/090/SS/12,77.601852,14.367117,65.07,15.093,4.16,0.06,1.19,3.34,2.27,2.27,0.83,0.08,5.00998,701.3,12,13.6,75.9,9,17.6,20.9,7.7,55.9,258.8,21.2,577.6,7.4,46.1,17.4,25.4,1.5,12,15,1.26,0.1,0.05,0.05,10,0.805549,0.949601,2.5,2.5,19.003607,37.279926,4.045307,15.241567,3.252747,1.166698,0.54355,3.14924,3.301216,0.648455,2.043123,0.341572,2.293724,0.396991,22.006297,0.563736,2.5,1.629047,0,0,57F11,0,0,0,0,2.5,50
3978,3978,57F11/091/SS/12,77.62037,14.367117,62.81,15.14,5.01,0.07,1.88,3.82,2.28,2.03,0.8,0.12,5.479589,590.2,18.4,13.4,95.7,9.2,19.1,31.2,15.4,55.4,282.6,24.6,555.6,8.3,82,24.1,39.1,1.5,11,5,2.2,0.1,0.05,0.14,20,1.017,0.808,2.5,2.5,18.841999,37.861,4.458,17.108999,3.908,1.18,0.591,3.699,3.698,0.703,2.162,0.33,2.317,0.401,17.207001,0.637,2.5,2.238,0,0,57F11,0,0,0,0,2.5,50
3979,3979,57F11/092/SS/12,77.638889,14.367117,67.92,13.06,3.42,0.05,1.24,3.31,2.32,1.95,0.67,0.07,5.342676,676.8,14,11.4,64.4,7.9,17.8,21,6.8,53.1,296.2,17.1,463.6,9,59.5,13.9,29.2,1.5,12,5,1.13,0.1,0.14,0.05,10,0.889,0.828,2.5,2.5,18.155001,34.764999,4.017,16.059,3.616,1.142,0.572,3.362,3.683,0.712,2.128,0.369,2.415,0.408,21.408001,0.661,2.5,2.445,0,0,57F11,0,0,0,0,2.5,50
3980,3980,57F11/093/SS/12,77.657407,14.367117,68.75,14.15,3,0.04,0.86,2.53,2.61,2.31,0.59,0.07,4.483237,884.8,12.8,10,51.2,12.1,20.2,18.1,5.2,60.8,296,16,714.5,9.7,48.4,14.9,26.1,1.5,7,5,1.06,0.1,0.14,0.12,10,1.485,0.8,2.5,2.5,31.974001,56.681,6.327,23.295,4.419,1.387,0.539,3.605,2.971,0.592,1.859,0.33,2.15,0.384,33.618999,0.676,2.5,3.329,0,0,57F11,0,0,0,0,2.5,50
3981,3981,57F11/094/SS/12,77.675926,14.367117,66.71,14.53,3.09,0.04,0.85,2.99,2.86,3,0.52,0.1,4.636283,919.1,14.3,9,51.2,13.9,20.9,22.1,5.9,84.8,270.4,15.1,732.6,11,75.6,13.1,30.9,1.5,10,5,1.15,0.1,0.14,0.11,10,1.779,0.845,2.5,2.5,28.379999,53.720001,5.742,21.257,4.01,1.229,0.484,3.32,2.785,0.556,1.668,0.298,2.052,0.373,34.125,0.653,2.5,3.221,0,0,57F11,0,0,0,0,2.5,50
3982,3982,57F11/095/SS/12,77.694444,14.367117,66.11,14.77,4.11,0.05,1.29,2.33,2.5,3.27,0.66,0.14,4.063294,1021.3,17.8,9.4,76.1,21.2,16.4,37,10.8,92.3,313.3,16,1304.1,14.5,106,18.3,38.5,1.5,2.5,5,1.05,0.1,0.12,0.05,35,1.344,0.746,2.5,2.5,37.091999,70.777,7.284,26.99,5.445,1.474,0.632,4.13,3.296,0.702,2.264,0.396,2.645,0.513,42.951,0.847,2.5,4.67,0,0,57F11,0,0,0,0,2.5,50
3983,3983,57F11/096/SS/12,77.712963,14.367117,62.19,14.26,3.72,0.05,2.05,3.49,2.41,2.68,0.6,0.17,7.788798,838.8,13.6,11.8,71.6,11.3,20.1,20,10.1,79.3,481.4,16.6,595.5,12.6,62.9,23.1,41.6,1.5,15,5,1.66,0.1,0.1,0.18,92,1.441,0.682,2.5,2.5,26.726999,52.186001,6.156,24.516001,4.851,1.425,0.55,3.789,2.905,0.558,1.601,0.256,1.7,0.32,18.985001,0.72,2.5,2.221,0,0,57F11,0,0,0,0,6,50
3984,3984,57F11/097/SS/12,77.731481,14.367117,62.88,15.8,4.26,0.06,1.11,2.26,2.08,3.22,0.67,0.13,6.847558,893,15.1,11.6,85.2,30.9,14.1,24.2,9.8,106.6,448.1,18.7,1011.7,14.2,71.2,23.3,34.6,1.5,2.5,5,2.02,0.1,0.1,0.19,39,1.84,0.878,2.5,2.5,33.650002,70.153,7.774,30.165001,5.893,1.613,0.66,4.442,3.698,0.74,2.196,0.392,2.607,0.446,29.167,1.014,2.5,4.042,0,0,57F11,0,0,0,0,6,50
3985,3985,57F11/098/SS/12,77.749999,14.367117,64.17,14.4,3.28,0.05,1.6,3.54,2.77,3.2,0.58,0.16,5.599682,870.2,14.1,11.2,63.4,16.5,19.8,14.2,7.1,108.2,447.9,20.9,819.1,14.9,57.6,16.8,34.2,1.5,15,5,1.03,0.1,0.12,0.11,107,1.674,0.891,2.5,2.5,27.087999,53.507,6.413,24.836,5.374,1.453,0.664,4.286,3.911,0.785,2.45,0.428,2.985,0.548,28.121,1.119,2.5,3.902,0,0,57F11,0,0,0,0,5,50
3986,3986,57F11/099/SS/12,77.509259,14.385233,58.87,14.85,5.07,0.08,1.92,4.5,1.93,1.93,0.77,0.14,9.11,725,17,16,114,20,13,28,12,59,315,21,663,9,91,21,49,1.5,14,5,15,0.35,0.1,0.1,10,0.886035,1.009503,2.5,2.5,50.01731,101.357684,10.525981,38.105838,5.065116,1.516512,0.822806,4.279236,3.827016,0.767939,1.94355,0.397131,2.256496,0.371878,19.120537,0.852222,2.5,2.307975,0,0,57F11,0,0,0,0,8,50
3987,3987,57F11/100/SS/12,77.527778,14.385233,57.16,15.72,7.35,0.15,2.47,4.53,1.67,1.8,0.71,0.07,7.64,725,19,26,258,15,15,66,28,53,150,19,324,8,291,47,54,1.5,13,5,17,0.1,0.18,0.2,21,0.509587,1.418653,2.5,2.5,23.634402,46.2031,4.535683,17.64281,3.421511,1.152511,0.529459,3.263752,2.843576,0.71509,1.924792,0.361122,2.546373,0.421134,11.349316,0.81619,2.5,2.28665,0,0,57F11,0,0,0,0,14,50
3988,3988,57F11/101/SS/12,77.546296,14.385233,49.44,17.58,12,0.23,3.93,6.64,0.73,0.48,1.3,0.1,6.84,341,23,28,436,7,18,127,51,15,126,27,146,7,360,86,77,1.5,13,5,26,0.1,0.05,0.1,21,0.705316,1.491629,2.5,2.5,10.15963,24.118813,3.054643,13.978313,3.497536,1.320396,0.730137,4.679165,5.470881,1.045182,2.992884,0.496082,3.137685,0.509203,4.349206,0.602416,2.5,1.038188,0,0,57F11,0,0,0,0,19,50
3989,3989,57F11/102/SS/12,77.564815,14.385233,55.86,15.23,5.14,0.1,2.29,4.34,2.27,2.64,1.14,0.08,10.13,968,21,18,190,11,19,30,13,78,281,20,371,11,132,18,55,1.5,16,5,19,0.1,0.05,0.1,10,1.6686,1.307912,2.5,2.5,20.136055,36.668628,4.181024,16.185315,3.726052,1.295041,0.539244,3.354693,3.371936,0.736225,1.83092,0.333343,2.254528,0.362739,10.22101,0.990282,2.5,2.237167,0,0,57F11,0,0,0,0,8,50
3990,3990,57F11/103/SS/12,77.583333,14.385233,62.385,16.83,4.06,0.05,1.16,2.4,2.25,2.88,0.68,0.1,6.579079,743.5,11.5,10.8,64.5,9.5,20.8,18.7,9.1,84.3,232.3,17.3,446.2,7.6,51.1,17.6,37.5,1.5,15,5,1.76,0.1,0.12,0.1,10,1.389046,1.192073,2.5,2.5,26.55271,54.090674,5.899898,21.325352,4.178786,1.273634,0.641354,3.991108,3.795202,0.721011,2.284155,0.358023,2.446675,0.403077,19.174938,0.870678,2.5,2.693455,0,0,57F11,0,0,0,0,6,50
3991,3991,57F11/104/SS/12,77.601852,14.385233,63.377,15.594,4.44,0.05,1.37,3.21,2.26,2.59,0.74,0.11,5.586481,804.5,14.3,12.9,86.4,8.7,18.7,17.3,8.9,71.1,272.7,22.4,550.6,8.1,59.2,20.1,33.7,1.5,15,5,1.47,0.1,0.1,0.17,20,1.034104,1.179915,2.5,2.5,21.445596,43.867493,5.092286,19.233326,4.111072,1.347682,0.654084,3.948714,3.804729,0.747735,2.399744,0.359694,2.51242,0.417557,22.070391,1.638147,2.5,2.120728,0,0,57F11,0,0,0,0,2.5,50
3992,3992,57F11/105/SS/12,77.62037,14.385233,62.86,14.42,4.21,0.05,1.66,4.4,2.31,2.04,0.62,0.12,6.655541,831.9,15.1,13.3,77.8,11.7,16.4,29.3,9.5,59.6,376.6,23.2,674.9,12.6,61.3,22,39.3,1.5,12,5,1.42,0.1,0.14,0.16,10,1.017,0.855,2.5,2.5,24.892,48.541,5.882,23.490999,5.086,1.472,0.64,4.207,3.635,0.721,2.176,0.368,2.442,0.407,25.181999,0.612,2.5,2.409,0,0,57F11,0,0,0,0,2.5,50
4064,4064,57F11/106/SS/12,77.638889,14.385233,65.17,14.15,4.25,0.06,1.56,3.61,2.52,1.91,0.68,0.09,5.368796,678.5,17.8,13.4,79.9,7.4,16.1,30.3,11,54.2,329.9,19.6,464.8,9.4,82.5,18.3,37.1,1.5,7,5,1.95,0.2,0.14,0.05,10,0.933,0.824,2.5,2.5,21.295,40.530998,4.757,18.757999,3.921,1.193,0.517,3.304,3.055,0.574,1.808,0.281,1.899,0.305,14.348,0.547,2.5,1.59,0,0,57F11,0,0,0,0,2.5,50
4065,4065,57F11/107/SS/12,77.657407,14.385233,67.26,13.54,3.4,0.05,1.55,3.09,2.11,2.06,0.62,0.08,5.556111,759.6,12.1,10.8,59.8,10.5,19,26,8.9,57.6,314.2,14.3,576.6,10.2,79,16,29.7,1.5,12,5,1.05,0.1,0.12,0.05,10,0.914,0.732,2.5,2.5,27.708,49.737999,5.672,21.264999,3.957,1.075,0.484,3.13,2.694,0.554,1.696,0.274,1.937,0.329,20.063,0.586,2.5,2.194,0,0,57F11,0,0,0,0,2.5,50
4066,4066,57F11/108/SS/12,77.675926,14.385233,66.3,14.82,3.55,0.06,1.13,2.99,2.64,2.83,0.47,0.11,4.43,629,19,15,88,17,15,16,8,84,236,17,602,8,55,13,33,1.5,14,5,26,0.55,0.05,0.1,10,1.020177,1.346681,2.5,2.5,19.623606,39.191892,4.122322,17.722199,3.101387,0.844906,0.421749,2.725079,2.731067,0.43148,1.555575,0.306424,2.237307,0.351437,15.937991,0.823134,2.5,2.749277,0,0,57F11,0,0,0,0,7,50
4067,4067,57F11/109/SS/12,77.694444,14.385233,64.06,14.89,4.61,0.06,1.14,2.39,1.98,2.64,0.99,0.14,6.36,922,17,15,111,18,11,30,11,79,389,19,1200,13,137,16,39,1.5,8,5,10,0.1,0.1,0.2,22,1.09,0.87,2.5,2.5,27.540001,58.786999,6.437,25.659,5.138,1.45,0.604,4.051,3.296,0.638,1.997,0.336,2.34,0.386,31.032,0.601,2.5,2.383,0,0,57F11,0,0,0,0,2.5,50
4068,4068,57F11/110/SS/12,77.712963,14.385233,61.19,16.33,4.98,0.06,1.44,2.58,2.26,2.91,0.67,0.19,6.797764,831.3,16.1,12.4,89.3,14.8,18.4,35.1,13,97.3,444.8,17.6,847.4,14.8,92.6,26.1,45.2,1.5,18,5,2.2,0.1,0.13,0.15,100,1.804,0.748,2.5,2.5,32.556999,69.665001,7.518,29.618,5.777,1.685,0.646,4.481,3.557,0.706,2.042,0.351,2.349,0.441,25.266001,1.022,2.5,3.268,0,0,57F11,0,0,0,0,17,50
4069,4069,57F11/111/SS/12,77.731481,14.385233,63.57,14.83,4.18,0.05,1.4,3.2,2.31,2.92,0.87,0.12,5.869413,838.9,13,11.8,80.3,24.3,15.1,27.2,10.6,94.6,414.1,20,924.5,13.9,70.7,20.4,36,1.5,17,5,1.35,0.1,0.1,0.11,31,1.685,0.877,2.5,2.5,27.295,54.77,6.375,25.084,5.193,1.536,0.59,3.999,3.409,0.714,2.238,0.385,2.612,0.475,30.650999,0.954,2.5,3.616,0,0,57F11,0,0,0,0,2.5,50
4070,4070,57F11/112/SS/12,77.749999,14.385233,63.52,14.83,3.97,0.06,1.3,3.73,3.03,3.02,0.78,0.19,4.864163,744.9,17.6,12.9,80.8,27.2,16,16,7.7,107.7,414.9,27.9,1865.3,19.3,56.4,17.1,39.1,1.5,11,5,1.4,0.1,0.14,0.13,44,2.069,0.76,2.5,2.5,31.99,60.25,7.927,31.232,6.56,1.77,0.949,5.712,5.681,1.229,3.913,0.722,4.953,0.937,58.59,1.48,2.5,6.773,0,0,57F11,0,0,0,0,2.5,50
4071,4071,57F11/113/SS/12,77.509259,14.403153,63.37,16.08,4.18,0.07,1.29,2.42,2.53,3.48,0.59,0.11,5.2,634,17,14,102,21,1,16,10,94,215,18,655,7,53,10,33,6,8,5,21,0.1,0.05,0.1,10,1.31,1.752839,2.5,2.5,29.480751,64.253258,6.913668,26.36227,4.739876,1.119614,0.700944,4.35116,3.200364,0.729799,2.192009,0.428098,2.691951,0.482436,24.473105,0.975179,2.5,3.987277,0,0,57F11,0,0,0,0,6,50
4072,4072,57F11/114/SS/12,77.527778,14.403153,60.33,16.3,5.98,0.1,1.66,3.67,2,2.12,0.68,0.1,6.19,699,19,21,163,13,16,45,19,59,215,18,602,9,118,30,45,1.5,13,5,20,0.55,0.23,0.2,20,0.814413,1.428055,2.5,2.5,28.252,60.112013,5.412074,20.11639,3.807544,1.178749,0.615891,3.698491,3.470464,0.536216,2.07123,0.324517,2.422278,0.413729,18.636639,0.707299,2.5,2.292237,0,0,57F11,0,0,0,0,8,50
4073,4073,57F11/115/SS/12,77.546296,14.403153,56.35,16.53,8.06,0.14,2.24,4.28,1.86,1.65,0.8,0.1,7.25,490,19,23,227,11,11,62,31,52,152,20,465,6,176,53,57,1.5,14,5,19,0.1,0.13,0.2,10,0.635132,1.349939,2.5,2.5,18.626274,42.914404,4.031198,16.323176,3.36274,1.173149,0.641322,3.98609,4.024453,0.804154,2.12769,0.406096,2.830921,0.523684,15.068356,0.825235,2.5,2.886308,0,0,57F11,0,0,0,0,11,50
4074,4074,57F11/116/SS/12,77.564815,14.403153,55.09,16.86,7.87,0.13,1.8,4.67,2.03,1.89,1.5,0.13,7.3,577,21,21,260,10,19,58,28,59,245,27,252,12,137,57,57,1.5,19,5,24,0.35,0.16,0.25,20,1.227087,1.500451,2.5,2.5,18.335191,36.160786,3.95312,17.763601,3.559958,1.571565,0.693724,3.843281,4.993971,1.068277,3.058673,0.525674,3.772807,0.58384,6.961485,1.012849,2.5,2.487046,0,0,57F11,0,0,0,0,13,50
4075,4075,57F11/117/SS/12,77.583333,14.403153,63.94,15.64,4.46,0.08,1.08,2.55,2.59,2.94,0.65,0.08,5.22,749,19,17,119,16,18,25,12,90,243,16,363,8,67,20,43,1.5,14,5,22,0.1,0.1,0.1,10,0.791875,0.689157,2.5,2.5,29.668193,55.856598,5.677554,21.434891,3.700387,1.170064,0.517843,3.256381,3.145733,0.626245,1.585681,0.307236,2.451315,0.435959,10.998736,0.754786,2.5,3.29048,0,0,57F11,0,0,0,0,9,50
4076,4076,57F11/118/SS/12,77.601852,14.403153,65.05,17.28,3.65,0.04,0.78,2.15,2.51,2.99,0.49,0.09,4.25702,895.9,15.3,10.4,55.1,8.8,20.5,14.4,4.9,77.6,248,20.4,627.5,7.2,52,18,30.3,1.5,10,5,1.65,0.1,0.1,0.15,10,1.272596,1.205779,2.5,2.5,21.328512,45.650863,4.883246,18.859414,4.035772,1.272231,0.674695,3.816005,4.001552,0.802552,2.42411,0.398731,2.718354,0.428152,25.850748,0.692892,2.5,2.560798,0,0,57F11,0,0,0,0,5,50
4077,4077,57F11/119/SS/12,77.62037,14.403153,62.98,14.61,4.71,0.06,1.54,4.4,2.34,2.05,0.76,0.12,5.700483,773.1,16.2,15.2,91.2,6.8,16.4,29.3,12.3,60,395.8,19.2,630.9,11.4,66,28.5,36,1.5,12,5,1.5,0.1,0.14,0.17,10,1.341,0.832,2.5,2.5,24.448,47.563,5.764,22.848,4.844,1.524,0.65,4.187,3.665,0.749,2.28,0.364,2.418,0.396,21.237,0.705,2.5,2.198,0,0,57F11,0,0,0,0,2.5,50
4078,4078,57F11/120/SS/12,77.638889,14.403153,61.941,15.95,5.59,0.07,1.59,3.52,2.32,2.42,0.75,0.13,5.023376,820,17.2,13.3,108.3,9.1,16,41.7,12.9,60,379.8,16.3,626.1,10.2,84.7,25,33.7,1.5,10,5,1.95,0.1,0.05,0.15,29,1.268993,1.289169,2.5,2.5,33.599866,72.743057,8.637121,33.548914,6.553636,1.931519,0.844144,5.39306,4.75349,0.901712,2.7729,0.444045,2.874217,0.498388,25.455389,0.652585,2.5,2.579614,0,0,57F11,0,0,0,0,5,50
4079,4079,57F11/121/SS/12,77.657407,14.403153,67.06,14.06,3.71,0.06,1.17,2.97,2.65,2.06,0.81,0.08,4.788872,675,13.4,11.7,72.5,12.3,16.9,22.2,9.8,53.2,351.2,15.9,778.1,9.9,79,12.3,39.2,1.5,2.5,5,2.41,0.1,0.05,0.1,21,1.316,0.739,2.5,2.5,31.386,64.856003,6.961,26.562,5.141,1.478,0.627,4.19,3.39,0.657,2.008,0.351,2.293,0.418,24,1.058,2.5,3.067,0,0,57F11,0,0,0,0,2.5,50
4080,4080,57F11/122/SS/12,77.675926,14.403153,65.7,15.36,3.75,0.05,0.82,1.98,2.85,2.73,0.66,0.1,5.42973,768.6,12.1,10.2,70.3,17,18.7,17.7,8.7,74.9,291.9,17.7,959.8,11.8,61.2,21.6,35.4,1.5,13,5,1.96,0.1,0.12,0.16,73,1.838,0.882,2.5,2.5,31.816,59.014,6.591,24.094999,4.873,1.495,0.608,3.924,3.291,0.668,2.074,0.34,2.402,0.438,30.125,0.835,2.5,5.19,0,0,57F11,0,0,0,0,6,50
4081,4081,57F11/123/SS/12,77.694444,14.403153,62.292,15.34,4.67,0.06,1.46,2.79,2.03,2.53,0.79,0.13,7.236778,759.9,5.5,11.9,85.4,11.5,19.1,27.5,12.5,73,338.9,20.6,719.8,11.3,70.3,24.4,42.9,1.5,2.5,5,1.82,0.1,0.1,0.17,53,1.986,1.012,2.5,2.5,42.083,79.254997,9.411,35.953999,6.99,2.021,0.826,5.378,4.335,0.848,2.457,0.41,2.678,0.459,25.546,0.851,2.5,3.578,0,0,57F11,0,0,0,0,5,50
4082,4082,57F11/124/SS/12,77.712963,14.403153,63.35,15.44,4.5,0.05,1.08,2.38,2.09,3.19,0.61,0.15,6.585823,834.4,16.4,10.9,80.6,24.7,14.3,20.3,9.2,104.9,402.8,16.8,1014.1,13.2,59.3,24.8,44.2,1.5,13,5,2.07,0.1,0.12,0.15,106,1.984,0.871,2.5,2.5,27.798,57.035999,6.21,24.532,4.938,1.45,0.585,3.908,3.387,0.705,2.116,0.359,2.507,0.459,31.292999,0.87,2.5,4.578,0,0,57F11,0,0,0,0,9,50
4083,4083,57F11/125/SS/12,77.731481,14.403153,57.42,15.29,5.29,0.06,2.07,3.39,1.98,2.67,0.72,0.26,10.256154,716.1,16.2,13.7,94.5,20.4,17.9,31.7,14.3,105.6,360.8,18,412.3,15.6,65.1,38.8,70.9,40,18,5,2.08,0.1,0.12,0.19,396,2.186,0.819,2.5,2.5,41.353001,80.454002,9.049,34.110001,6.377,1.642,0.746,5.047,3.949,0.751,2.215,0.368,2.245,0.377,12.377,1.296,2.5,4.802,0,0,57F11,0,0,0,0,8,50
4084,4084,57F11/126/SS/12,77.749999,14.403153,57.9,15.46,5.04,0.06,1.91,3.31,1.92,3.18,0.69,0.2,9.615577,851.9,16,11.6,77.2,22.3,18.3,28.6,14.6,120.9,354.9,19.2,428,16.3,60.4,30,55.7,1.5,16,5,2.23,0.1,0.11,0.14,159,2.17,0.94,2.5,2.5,48.192001,92.991997,10.252,37.938,7.037,1.705,0.818,5.515,4.553,0.883,2.778,0.416,2.62,0.435,13.885,1.601,2.5,5.373,0,0,57F11,0,0,0,0,17,50
4085,4085,57F11/127/SS/12,77.509259,14.421169,63.83,16.25,3.76,0.06,0.95,1.79,2.21,3.14,0.64,0.1,6.48,963,19,14,91,15,14,25,10,81,276,9,605,6,168,13,43,1.5,14,5,31,0.1,0.1,0.1,10,0.847092,1.139105,2.5,2.5,27.790235,58.710428,5.587353,18.206449,3.568371,0.838161,0.434867,2.80591,2.175569,0.427363,1.22942,0.226834,1.665342,0.242578,20.174747,0.732587,2.5,3.046685,0,0,57F11,0,0,0,0,9,50
4086,4086,57F11/128/SS/12,77.527778,14.421169,64.2,14.32,3.91,0.07,1.25,4.24,2.42,2.48,0.65,0.1,5.72,689,18,16,112,13,17,19,11,61,258,14,395,11,69,13,39,1.5,15,5,13,0.1,0.05,0.1,10,1.344461,1.418585,2.5,2.5,23.288087,47.42876,4.690898,18.190859,3.286677,1.068331,0.580836,3.595731,3.375761,0.68018,1.801987,0.339785,1.930853,0.473417,14.891279,1.013243,2.5,2.52424,0,0,57F11,0,0,0,0,5,50
4087,4087,57F11/129/SS/12,77.546296,14.421169,64.61,15.89,3.98,0.06,0.98,2.36,2.4,2.61,0.6,0.09,5.64,766,21,15,102,8,20,20,10,76,324,15,393,11,57,14,37,1.5,14,5,19,0.1,0.12,0.1,10,1.716042,1.499657,2.5,2.5,20.67966,40.174204,4.330095,16.538217,3.512384,1.173457,0.481117,2.997111,2.771231,0.557569,1.313865,0.205065,1.758191,0.293342,10.821125,1.005601,2.5,2.426681,0,0,57F11,0,0,0,0,8,50
4159,4159,57F11/130/SS/12,77.564815,14.421169,59.182,16.73,7.42,0.1,1.62,3.8,2.81,2.06,0.78,0.08,4.77243,588.2,11.9,17.6,145.9,4.7,17.9,42.4,22,51.5,230.4,19,207.8,6.2,84.2,58.3,37.5,1.5,10,5,0.5,0.1,0.05,0.23,10,0.943349,1.132756,2.5,2.5,12.988867,25.408851,3.133402,12.722823,3.030812,1.07384,0.554881,3.274097,3.599333,0.744818,2.214554,0.363821,2.337197,0.373839,8.494913,0.56408,2.5,1.401879,0,0,57F11,0,0,0,0,6,50
4160,4160,57F11/131/SS/12,77.583333,14.421169,62.806,16.58,4.82,0.07,1.06,2.59,2.43,2.67,0.68,0.07,5.628909,653.2,11.7,11.3,84.6,9.2,16.9,23.1,12.8,72.4,224.8,17.4,345.5,5.8,54.2,26.8,30.7,1.5,12,5,1.49,0.1,0.05,0.13,10,1.113619,1.206018,2.5,2.5,20.945488,41.816171,4.759448,17.742907,3.811475,1.220261,0.597416,3.507371,3.860553,0.789431,2.415327,0.388768,2.54037,0.424353,15.130071,0.791084,2.5,2.615029,0,0,57F11,0,0,0,0,6,50
4161,4161,57F11/132/SS/12,77.601852,14.421169,61.148,16.532,4.77,0.06,1.38,2.9,1.91,2.46,0.74,0.11,7.345142,657.3,14.2,13.2,84.7,6,17.5,29,11.5,68.2,245.3,16.5,457.6,7.6,68.5,24.6,35.2,1.5,14,5,2.12,0.1,0.05,0.1,20,1.178153,1.166121,2.5,2.5,22.956151,44.414427,5.078108,19.250636,3.914754,1.230708,0.622551,3.773201,3.855408,0.772045,2.26706,0.37442,2.43854,0.387281,17.805218,0.728854,2.5,2.296942,0,0,57F11,0,0,0,0,6,50
4162,4162,57F11/133/SS/12,77.62037,14.421169,62.875,14.958,4.74,0.06,1.65,3.99,2.19,2.21,0.76,0.09,5.831253,681.2,14.5,15.6,89.4,8,17.8,28.9,12.3,55.3,287.7,18.9,421.7,5.2,64.5,27.1,35.7,1.5,10,5,1.21,0.1,0.05,0.11,20,1.049524,1.085514,2.5,2.5,30.291372,64.305464,8.37882,35.97856,7.76424,2.082007,1.163983,7.533537,6.59408,1.265566,3.503732,0.53511,3.351813,0.559352,20.125452,0.617529,2.5,2.050221,0,0,57F11,0,0,0,0,2.5,50
4163,4163,57F11/134/SS/12,77.638889,14.421169,60.94,16.291,5.75,0.07,1.43,3.69,2.58,2.33,0.85,0.11,5.381927,759.6,12.1,12.6,116.3,5.8,14.8,24.2,13.2,58.1,481.4,17.5,576.2,8.7,63.4,26.7,37.4,1.5,10,5,1.56,0.1,0.11,0.1,10,1.348656,1.270668,2.5,2.5,29.568552,62.077227,6.980853,26.805386,5.04835,1.558173,0.666285,4.157268,3.831259,0.7775,2.215992,0.392236,2.445474,0.422401,22.891244,0.71719,2.5,2.584094,0,0,57F11,0,0,0,0,10,50
4164,4164,57F11/135/SS/12,77.657407,14.421169,63,15.53,5.39,0.08,1.41,3.47,2.54,2.33,0.97,0.13,4.41,885,18,17,165,12,13,27,14,59,558,18,908,10,107,19,38,4,11,5,19,0.1,0.05,0.1,10,1.481142,0.888007,2.5,2.5,29.397201,65.86788,7.656716,33.049568,6.170181,1.773334,0.804905,4.964093,4.083067,0.711299,1.946563,0.428478,2.665044,0.48657,27.805563,0.722623,2.5,2.785441,0,0,57F11,0,0,0,0,5,50
4165,4165,57F11/136/SS/12,77.675926,14.421169,65.68,15.36,3.86,0.05,1.19,2.33,2.39,2.8,0.58,0.14,4.994539,754.8,17.1,9.9,71.3,16.6,19.3,24.8,9.4,79,328.8,16.9,769.5,11.2,63.7,21,40.1,8,2.5,5,1.22,0.1,0.11,0.14,68,1.788,0.933,2.5,2.5,28.191,54.199001,6.046,23.677999,4.915,1.577,0.643,4.048,3.486,0.714,2.171,0.375,2.395,0.441,26.540001,0.711,2.5,3.849,0,0,57F11,0,0,0,0,6,50
4166,4166,57F11/137/SS/12,77.694444,14.421169,63.3,13.32,3.33,0.05,1.6,4.62,2.21,2.8,0.64,0.19,7.394085,852.8,10.8,13.2,60.8,14.3,17.2,14.8,8,81.8,454.5,19.5,764.8,12.1,51.8,17.2,39.2,1.5,2.5,5,1.6,0.1,0.05,0.1,93,1.423,0.721,2.5,2.5,28.863001,57.812,6.982,28.6,5.922,1.696,0.671,4.521,3.51,0.686,2.052,0.352,2.262,0.421,25.146999,0.679,2.5,3.1,0,0,57F11,0,0,0,0,11,50
4167,4167,57F11/138/SS/12,77.712963,14.421169,57.76,16.59,4.95,0.06,1.53,2.65,1.73,2.65,0.69,0.31,10.435481,764.5,16.4,11.1,82.5,21.5,34.2,31.9,9.9,100.7,337.8,22.1,807.7,13.5,56.8,82.3,136.6,8,20,5,2.75,0.48,0.15,0.16,261,1.667,0.857,2.5,2.5,43.609001,89.490997,9.013,33.436001,6.046,1.667,0.666,4.731,3.645,0.689,2.183,0.358,2.359,0.443,23.448999,1.115,2.5,4.338,0,0,57F11,0,0,0,0,80,50
4168,4168,57F11/139/SS/12,77.731481,14.421169,54.16,15.47,4.47,0.07,2.68,3.5,3.27,2.28,0.65,0.22,12.53172,775.9,14.4,12.1,82.9,20.3,18.7,32.4,12.7,100.1,473.2,19.4,510.2,14.6,57.3,40.1,84.6,7,10,5,2.86,0.24,0.12,0.11,198,1.907,0.693,2.5,2.5,39.902,86.790001,9.122,34.740002,6.393,1.715,0.71,4.942,3.784,0.719,2.048,0.346,2.239,0.375,15.049,1.218,2.5,7.094,0,0,57F11,0,0,0,0,31,50
4169,4169,57F11/140/SS/12,77.749999,14.421169,65.05,14.03,3.32,0.06,1.42,2.25,1.83,3.91,0.67,0.17,6.57,1075,17,14,91,23,14,18,12,133,376,17,801,10,60,19,37,12,17,5,16,0.1,0.05,0.1,75,2.192855,1.018987,2.5,2.5,29.159487,61.279039,6.502552,25.809159,4.626329,1.086223,0.682454,3.656757,4.018224,0.829801,2.348432,0.445512,3.579191,0.514414,22.720874,1.008955,2.5,3.604919,0,0,57F11,0,0,0,0,9,50
4170,4170,57F11/141/SS/12,77.509259,14.439189,69.03,13.06,3.79,0.06,0.83,2.74,2.63,2.75,0.54,0.08,3.6,812,15,14,109,12,16,19,11,62,241,16,673,6,74,14,30,62,12,5,21,0.25,0.05,0.1,10,0.892901,0.864243,2.5,2.5,16.63658,34.121881,4.159187,17.739308,3.294513,1.038088,0.475257,2.77447,2.979793,0.498104,1.659511,0.308023,1.89172,0.335482,17.255535,0.614254,2.5,2.170108,0,0,57F11,0,0,0,0,7,50
4171,4171,57F11/142/SS/12,77.527778,14.439189,63.09,13.96,4.89,0.08,1.52,3.17,2.19,2.31,0.57,0.16,7.32,606,18,18,110,9,12,30,14,54,206,13,320,6,66,26,52,1.5,15,5,11,0.45,0.05,0.1,10,0.662531,1.036124,2.5,2.5,24.786298,49.974792,5.233644,21.091307,3.829404,1.143835,0.626243,3.262265,3.406465,0.610507,1.615993,0.376636,2.041204,0.342992,10.288439,0.778179,2.5,1.803933,0,0,57F11,0,0,0,0,10,50
4172,4172,57F11/143/SS/12,77.546296,14.439189,60.43,15.23,5.68,0.08,1.56,4.03,2.28,2,0.81,0.1,7.02,690,19,17,115,12,13,31,15,51,245,14,391,6,65,31,49,1.5,14,5,10,0.1,0.05,0.1,46,1.072205,1.371854,2.5,2.5,23.194986,48.20147,5.158062,21.985539,3.839526,1.202694,0.568998,3.375814,3.407478,0.674714,1.874998,0.276395,2.204257,0.357337,13.248692,0.782254,2.5,1.929316,0,0,57F11,0,0,0,0,9,50
4173,4173,57F11/144/SS/12,77.564815,14.439189,56.48,17.36,7.34,0.11,2.11,3.33,2.31,2.15,0.95,0.11,6.88,739,20,21,185,10,20,50,23,63,246,17,230,8,117,30,62,1.5,14,5,14,0.1,0.14,0.2,10,0.772114,1.138078,2.5,2.5,20.453397,40.546249,4.81669,17.920519,3.745084,1.290433,0.719253,3.783716,3.616162,0.721799,2.191275,0.406342,2.527113,0.384169,6.846096,0.843417,2.5,1.844132,0,0,57F11,0,0,0,0,12,50
4174,4174,57F11/145/SS/12,77.583333,14.439189,64.304,15.77,3.72,0.05,1.34,2.95,2.29,2.93,0.53,0.07,5.388383,745.9,14.5,9.5,57.4,11.2,17.3,19.8,8.2,76.6,225.6,22.4,408.7,6,45.6,17,30.5,1.5,13,5,1.36,0.1,0.1,0.1,10,1.00286,1.081136,2.5,2.5,18.57717,37.352576,4.202645,16.170827,3.518017,1.206295,0.581953,3.542236,3.858387,0.790056,2.409524,0.409097,2.685906,0.440001,18.186798,0.758399,2.5,2.49564,0,0,57F11,0,0,0,0,2.5,50
4175,4175,57F11/146/SS/12,77.601852,14.439189,59.56,15.77,5.32,0.07,1.57,4.7,2.25,2.22,0.63,0.1,7.226874,686.2,13.4,17,99,7.2,18.3,40.9,12.6,58.8,263.9,21.6,304.2,5.8,69.6,35.8,30.4,1.5,10,5,1.28,0.1,0.11,0.22,30,0.856447,1.240471,2.5,2.5,18.823551,36.559819,4.261471,16.319923,3.535818,1.176486,0.522816,3.256362,3.464072,0.691582,2.068423,0.330999,2.210466,0.353633,13.419804,0.622299,2.5,1.878475,0,0,57F11,0,0,0,0,7,50
4176,4176,57F11/147/SS/12,77.62037,14.439189,65.04,14.64,3.51,0.05,1.43,3.45,2.7,2.77,0.58,0.12,4.78,872,19,14,79,13,22,26,8,77,353,15,539,9,88,11,36,1.5,10,5,11,0.1,0.05,0.1,28,1.053505,1.103809,2.5,2.5,18.648999,38.031763,4.303373,16.648344,3.625707,1.237688,0.532781,3.386874,3.373458,0.690161,2.00467,0.350741,2.288022,0.397503,19.556337,0.657192,2.5,2.046542,0,0,57F11,0,0,0,0,5,50
4177,4177,57F11/148/SS/12,77.638889,14.439189,61.541,15.356,5.52,0.07,1.67,3.72,1.89,2.32,0.83,0.11,6.398483,756.1,15.3,13.6,106.7,8.4,16.8,30,13.6,64.9,375.3,21,629.1,9.1,69.3,29.2,34.1,1.5,0,0,0,0,0,0,10,0.991668,0.960293,2.5,2.5,26.058752,53.608498,6.503482,25.62271,5.081536,1.584463,0.743875,4.551623,4.757122,0.975664,2.873091,0.447094,3.055257,0.482534,22.282144,0.587367,2.5,2.648502,0,0,57F11,0,0,0,0,6,50
4178,4178,57F11/149/SS/12,77.657407,14.439189,61.955,13.65,4.234,0.06,1.89,5.34,2.16,2.41,0.69,0.15,6.942777,771.8,14.6,14.5,77.4,11.6,16.9,22.7,11.6,59.2,379.4,19.3,591.8,8.6,61.3,23.9,36.7,1.5,0,0,0,0,0,0,29,1.120429,0.901159,2.5,2.5,27.018839,53.910868,6.394454,24.593424,4.613809,1.39029,0.642198,4.079555,3.7804,0.735466,2.304697,0.368106,2.429762,0.428378,23.500391,0.790206,2.5,2.688514,0,0,57F11,0,0,0,0,5,50
4179,4179,57F11/150/SS/12,77.675926,14.439189,65.92,14.26,3.99,0.05,1.49,3.31,2.26,2.88,0.56,0.16,4.54138,830.9,16.1,11.8,69.4,20,15.4,18,8,69.1,514,19.8,818.9,7.4,54.5,17.8,25.5,1.5,8,5,0.5,0.1,0.05,0.05,55,1.119719,1.199529,2.5,2.5,31.52404,61.591721,7.55709,28.501394,5.174832,1.480842,0.670241,4.352054,3.816563,0.744053,2.270686,0.383341,2.695374,0.467286,34.052706,0.57608,2.5,2.926151,0,0,57F11,0,0,0,0,8,50
4180,4180,57F11/151/SS/12,77.694444,14.439189,65.74,14.98,3.89,0.06,0.99,2.36,2.01,3.39,0.67,0.12,5.1,922,17,13,87,37,5,22,9,112,472,22,1152,8,69,15,30,14,10,5,1.18,0.1,0.05,0.16,134,1.488,0.949,2.5,2.5,22.990999,51.679001,5.791,22.107,4.697,1.232,0.597,3.92,3.434,0.668,2.065,0.343,2.624,0.482,32.673,0.785,2.5,4.638,0,0,57F11,0,0,0,0,20,50
4181,4181,57F11/152/SS/12,77.712963,14.439189,64.05,13.95,3.9,0.05,1.77,3.68,1.81,2.82,0.59,0.17,6.589341,740.6,10.9,12,71.4,20,17.5,27.5,10.3,88.2,326,18.2,715.3,8.2,84.3,21.3,35.9,6,13,5,1.74,0.1,0.05,0.14,44,1.393,0.905,2.5,2.5,23.399,48.773998,5.546,20.469,4.155,1.113,0.538,3.512,3.196,0.616,1.885,0.32,2.201,0.402,22.747,0.798,2.5,3.91,0,0,57F11,0,0,0,0,7,50
4182,4182,57F11/153/SS/12,77.731481,14.439189,55.932,15.62,6.03,0.07,2.07,4.71,1.27,2.45,0.8,0.25,10.19102,671.6,13.9,15.2,107.7,20.5,19.4,38.1,15.9,91.5,288.5,28.5,768.3,11.7,80,52.8,49.6,6,14,5,2.91,0.21,0.11,0.11,85,1.395,0.994,2.5,2.5,44.164001,93.766998,10.047,36.41,6.629,1.562,0.769,5.38,4.408,0.811,2.488,0.391,2.668,0.482,21.504,1.27,2.5,4.189,0,0,57F11,0,0,0,0,11,104
4255,4255,57F11/154/SS/12,77.749999,14.439189,64.083,15.89,4.65,0.06,1.06,2.31,2.09,3.52,0.69,0.16,4.907731,914,15.2,10.2,90,31.4,17.4,22.3,8.7,118.2,383.2,24.1,1524,13.2,63.4,40.5,31.3,14,11,5,1.66,0.1,0.12,0.13,75,1.535,1.002,2.5,2.5,31.362,79.538002,7.758,28.809,5.919,1.315,0.733,5.012,4.342,0.823,2.643,0.436,3.33,0.606,41.683998,1.06,2.5,6.362,0,0,57F11,0,0,0,0,12,50
4256,4256,57F11/155/SS/12,77.509259,14.457207,63.88,14.87,3.85,0.06,1.37,2.69,2.4,2.2,0.65,0.1,7.06,744,16,16,100,13,14,21,9,66,265,15,582,9,66,16,38,6,12,5,10,0.1,0.05,0.1,22,3.190281,1.293657,2.5,2.5,25.261828,51.686927,5.798371,19.365863,3.809458,1.078323,0.598942,3.703066,3.298977,0.608586,2.030065,0.367167,2.682864,0.425886,16.333727,0.701012,2.5,3.011623,0,0,57F11,0,0,0,0,11,50
4257,4257,57F11/156/SS/12,77.527778,14.457207,66.88,13.93,3.51,0.06,1.3,2.87,2.22,2.19,0.56,0.08,5.44,699,16,13,69,10,11,20,8,55,249,13,453,6,56,13,34,8,12,5,14,0.1,0.05,0.1,20,1.417352,0.887104,2.5,2.5,21.385335,43.37306,4.442072,19.565662,3.352929,1.241366,0.526398,2.82073,2.505749,0.453713,1.646395,0.239899,1.857655,0.375611,15.077456,0.651899,2.5,2.103284,0,0,57F11,0,0,0,0,8,50
4258,4258,57F11/157/SS/12,77.546296,14.457207,62.848,16.683,5.35,0.07,0.9,2.16,1.9,2.64,0.53,0.07,6.23941,772.7,17.1,12.3,74.2,8.4,20.4,23.7,9.5,82.2,226.1,18.7,481.9,7.6,50.6,24.4,29.7,1.5,18,5,1.71,0.1,0.05,0.16,10,1.240601,1.282826,2.5,2.5,23.027888,48.43831,5.015835,18.612233,3.719741,1.101668,0.574679,3.503408,3.405391,0.667148,2.123602,0.344993,2.1825,0.381131,18.780902,0.807497,2.5,2.197567,0,0,57F11,0,0,0,0,9,50
4259,4259,57F11/158/SS/12,77.564815,14.457207,61.596,17.05,5.52,0.07,1.12,2.85,2.2,2.51,0.64,0.08,5.809666,641.6,13.4,12.9,99.5,8.8,17.9,33.7,14.5,71.4,217.2,23.8,370.9,7.7,63.2,32.3,34.4,1.5,13,5,1.18,0.1,0.05,0.18,10,1.022675,1.088785,2.5,2.5,18.378512,37.649971,4.272482,16.340036,3.509026,1.176905,0.559495,3.394309,3.524148,0.65604,2.091204,0.361594,2.194803,0.399383,14.770183,0.788346,2.5,1.753038,0,0,57F11,0,0,0,0,7,50
4260,4260,57F11/159/SS/12,77.583333,14.457207,63.14,16.39,5.45,0.06,0.9,2.74,2.51,2.9,0.57,0.08,4.618915,767.4,17.1,11.6,88.3,11.3,20.4,24.5,11.3,83,246.6,18.9,596.1,7.5,51.8,28.4,32.8,1.5,12,5,1.01,0.1,0.05,0.19,10,1.078386,1.068228,2.5,2.5,26.809829,54.082126,6.021336,21.895097,4.504958,1.207223,0.653071,4.088314,4.261311,0.855158,2.708847,0.481623,3.20775,0.564708,25.662354,0.80301,2.5,3.182267,0,0,57F11,0,0,0,0,6,50
4261,4261,57F11/160/SS/12,77.601852,14.457207,62.212,16.96,5.05,0.06,1.13,2.3,1.81,2.43,0.6,0.07,6.858738,629.9,12.8,11.7,80.5,9.6,16.6,32.6,14.8,69.9,211,19.7,414,6.2,72.6,91,28.9,1.5,13,5,2.91,0.1,0.12,0.32,10,1.160016,1.067769,2.5,2.5,20.595712,42.09813,4.719094,18.320137,3.661051,1.102419,0.549837,3.397769,3.467358,0.67017,2.08106,0.351528,2.238085,0.378732,15.332925,0.803487,2.5,2.983199,0,0,57F11,0,0,0,0,8,50
4262,4262,57F11/161/SS/12,77.62037,14.457207,60.83,16.99,5.77,0.06,1.33,2.79,1.84,2.24,0.72,0.12,6.658016,741.9,14.9,13.7,104.6,5.9,17,34.9,16.6,62.4,289.8,15.6,441.6,7.6,67,34.4,39.4,1.5,10,5,1.75,0.1,0.05,0.15,10,0.91994,1.134157,2.5,2.5,30.060303,58.265541,6.810917,25.224062,4.755951,1.460614,0.624416,4.162992,3.69387,0.711765,2.105275,0.334438,2.128335,0.36325,16.49801,0.63919,2.5,2.062717,0,0,57F11,0,0,0,0,7,50
4263,4263,57F11/162/SS/12,77.638889,14.457207,63.812,14.272,5.47,0.07,1.53,3.61,1.86,2.52,0.93,0.16,5.244825,941,14.4,13.5,105,14.3,15.4,27.4,14.8,71.6,502.3,19.2,1341.5,13.3,67.9,22.6,35.5,1.5,9,5,1.81,0.1,0.1,0.1,20,1.186608,1.19463,2.5,2.5,33.386992,78.860655,9.2639,36.962569,7.269552,2.134972,0.866469,5.887962,4.882535,1.013007,3.069647,0.514507,3.576657,0.654002,53.549289,0.763543,2.5,4.431397,0,0,57F11,0,0,0,0,5,50
4264,4264,57F11/163/SS/12,77.657407,14.457207,61.9504,15.5,5.78,0.07,1.48,3.33,2.63,2.49,1.04,0.22,4.954731,865.3,14.4,12.7,107.2,17.2,12.1,29,13.1,64.9,426.3,21.1,1063.2,13.6,72.2,21.5,39.1,1.5,10,5,1.39,0.1,0.05,0.05,10,1.052438,1.011725,2.5,2.5,41.802416,89.062797,10.712385,40.634955,7.106054,1.996186,0.8398,5.661527,4.4611,0.851905,2.50576,0.409193,2.713052,0.479403,37.255707,0.710892,2.5,2.963544,0,0,57F11,0,0,0,0,5,50
4265,4265,57F11/164/SS/12,77.675926,14.457207,63.187,16.43,4.95,0.06,1.03,2.65,2.38,3.01,0.84,0.1,4.75906,826.8,16,11.6,94.1,23,14.8,20.9,9,90.2,541.1,18.7,959.3,10.7,67.4,22.6,30.5,1.5,11,5,1.21,0.1,0.05,0.14,20,1.386,1.062,2.5,2.5,31.202,66.666,7.436,27.679001,5.507,1.425,0.659,4.476,3.836,0.723,2.245,0.343,2.47,0.446,27.702,0.792,2.5,3.6,0,0,57F11,0,0,0,0,7,50
4266,4266,57F11/165/SS/12,77.694444,14.457207,64.089,16.04,4.08,0.05,1.35,1.86,1.86,3.22,0.88,0.14,5.782652,807.1,12.5,10.7,81.6,25.6,12,20.1,8.4,107.9,333.3,24.4,896.8,11.5,63.3,20.1,35.3,1.5,13,5,1.61,0.1,0.05,0.12,30,0.947,0.41,2.5,2.5,16.256001,35.148998,3.825,14.319,2.805,0.693,0.363,2.3,2.145,0.408,1.309,0.224,1.59,0.288,18.559,0.531,2.5,2.972,0,0,57F11,0,0,0,0,6,124
4267,4267,57F11/166/SS/12,77.712963,14.457207,64.304,13.97,4.08,0.06,1.59,2.84,1.62,2.8,0.68,0.18,7.166318,847.8,11.2,12.2,75.5,21,11.2,23.1,10.3,87.7,346.9,20.1,984.7,9.4,63.5,22.3,36.9,1.5,13,5,1.72,0.1,0.05,0.05,63,1.227,0.911,2.5,2.5,25.219999,58.535999,6.19,22.530001,4.561,1.21,0.581,3.848,3.49,0.649,2.041,0.331,2.373,0.421,24.903999,0.909,2.5,4.477,0,0,57F11,0,0,0,0,9,50
4268,4268,57F11/167/SS/12,77.731481,14.457207,59.2082,15.31,5.39,0.06,2.06,4.37,2.01,2.53,0.73,0.2,7.542846,707.2,13.2,14.1,103.8,18.9,13.4,30.9,17.2,84.5,374.5,21,838.1,11,71.6,44.7,44.3,1.5,14,5,2.25,0.1,0.14,0.1,71,1.837,1.087,2.5,2.5,32.049,71.412003,7.962,30.356001,5.923,1.451,0.761,5.03,4.367,0.817,2.434,0.367,2.69,0.484,25.599001,0.97,2.5,4.892,0,0,57F11,0,0,0,0,18,50
4269,4269,57F11/168/SS/12,77.749999,14.457207,66.04,12.84,3.68,0.05,1.62,4.08,2.4,2.58,0.58,0.14,5.304243,802.8,13.2,11.4,71.9,10.7,18.8,20.6,9.8,83.6,371.3,19.2,655.3,10.4,56.8,17.9,36.7,1.5,12,5,1.2,0.1,0.14,0.05,30,1.651,0.855,2.5,2.5,23.768999,48.279999,5.746,21.542999,4.235,1.15,0.549,3.554,3.25,0.638,2.069,0.327,2.337,0.39,21.801001,0.774,2.5,3.113,0,0,57F11,0,0,0,0,5,50
4270,4270,57F11/169/SS/12,77.509259,14.475225,63.2847,15.92,4.46,0.05,1.31,3.3,2.03,1.94,0.77,0.08,6.314317,619.2,14.1,12.2,80,12.2,14.4,16.8,9.2,47.8,235.8,20.4,534.9,7.2,58.5,16.8,28.8,1.5,10,15,1.48,0.1,0.05,0.05,10,0.950563,1.002492,2.5,2.5,23.374549,47.74489,5.240883,19.909758,3.891354,1.293787,0.556211,3.516502,3.268173,0.605993,1.905975,0.32058,2.025707,0.365666,20.338613,0.650814,2.5,1.571292,0,0,57F11,0,0,0,0,5,50
4271,4271,57F11/170/SS/12,77.527778,14.475225,67.43,13.91,3.76,0.06,1.15,2.96,2.22,2.45,0.66,0.08,4.62,750,17,15,91,13,9,19,7,59,278,17,684,6,72,13,28,10,19,5,14,0.1,0.05,0.1,20,0.332353,1.295058,2.5,2.5,24.857095,49.581108,5.735332,23.612809,4.403999,1.320439,0.659769,4.075489,3.399056,0.734424,1.897106,0.338596,2.703342,0.454078,20.782442,0.753168,2.5,2.96445,0,0,57F11,0,0,0,0,5,50
4272,4272,57F11/171/SS/12,77.546296,14.475225,61.85,14.8,3.95,0.07,2.32,3.72,2.07,2.52,0.5,0.08,7.34,647,20,14,76,15,13,64,13,82,236,14,420,8,192,18,42,1.5,10,5,12,0.1,0.13,0.1,26,1.795274,0.872032,2.5,2.5,25.82394,50.654842,5.513922,23.37259,4.060855,1.247391,0.652133,3.496698,3.307906,0.494656,1.808864,0.291155,1.877635,0.320285,15.77719,1.036114,2.5,2.573128,0,0,57F11,0,0,0,0,7,50
4273,4273,57F11/172/SS/12,77.564815,14.475225,59.43,16.21,4.7,0.06,1.54,3.44,1.78,2.32,0.58,0.12,9.22,642,19,16,90,12,14,35,10,68,276,15,385,7,83,21,42,1.5,9,5,12,0.1,0.12,0.2,27,1.515306,0.937263,2.5,2.5,26.807962,48.92648,5.281179,19.603313,3.62879,1.033126,0.58717,3.057316,3.266303,0.595084,1.889463,0.286723,2.150586,0.312559,13.097977,0.817922,2.5,2.55472,0,0,57F11,0,0,0,0,5,50
4274,4274,57F11/173/SS/12,77.583333,14.475225,59.582,15.491,5.62,0.07,2.28,4.25,1.72,2.19,0.72,0.15,7.399641,631.5,12.9,14.3,98.4,7.6,17.4,60.3,16.3,60.3,273.6,15.6,332.6,7.1,162.1,30.9,46,1.5,17,5,1.28,0.1,0.05,0.18,26,1.161506,1.240881,2.5,2.5,25.297705,47.260676,5.668924,21.611456,4.289451,1.31037,0.633164,3.973549,3.798714,0.700388,2.17695,0.33246,2.189266,0.372981,13.551923,0.697105,2.5,2.25143,0,0,57F11,0,0,0,0,7,50
4275,4275,57F11/174/SS/12,77.601852,14.475225,65.047,15.64,4.53,0.06,1.11,2.56,2.46,2.81,0.78,0.11,4.330905,760.7,14.3,12,80,7.9,17.1,22.6,9.7,71.2,231.5,17.8,449,8.1,53.5,21.9,30.6,1.5,9,5,1.04,0.1,0.05,0.15,10,0.893226,1.08309,2.5,2.5,19.253527,39.04,4.669892,18.007982,4.131848,1.343146,0.692749,4.092996,4.408169,0.914336,2.63959,0.450565,2.912172,0.478701,19.362181,0.755226,2.5,2.779871,0,0,57F11,0,0,0,0,5,50
4276,4276,57F11/175/SS/12,77.62037,14.475225,57.365,16.319,7.44,0.09,2.17,4.63,1.66,1.64,0.79,0.24,7.083707,541,13.6,18.6,129.7,7.2,11.2,52.5,20.3,49.6,330.5,18.1,480.8,7.3,89.2,49.9,39.5,1.5,11,5,1.43,0.1,0.12,0.2,24,1.151205,1.146066,2.5,2.5,34.731764,72.869171,8.529525,33.260493,6.092927,1.765806,0.777378,5.234622,4.756964,0.924761,2.695029,0.419363,2.801191,0.443909,20.095073,0.609943,2.5,1.9947,0,0,57F11,0,0,0,0,7,50
4277,4277,57F11/176/SS/12,77.638889,14.475225,62.98024,16.364,5.35,0.06,1.06,2.71,1.86,2.67,0.69,0.12,5.41,808.5,14.1,12.5,92.8,29.4,10.8,25.9,12.1,72.3,423.8,17.4,953.6,8.7,66.3,23.8,28.8,1.5,10,5,1.57,0.1,0.05,0.22,10,1.16993,1.077672,2.5,2.5,34.379261,70.547067,8.409083,33.358259,5.970207,1.685669,0.722077,4.9061,4.012099,0.819259,2.365463,0.392791,2.710736,0.485521,38.014689,0.593257,2.5,3.596651,0,0,57F11,0,0,0,0,7,50
4306,4306,57F07/196/SS/12,77.5,14.493242,64.641,15.37,4.35,0.05,1.47,2.94,1.98,2.1,0.61,0.1,5.799279,549.7,11.8,13.8,68.7,13,16,22.7,10.1,63.9,215.8,25.6,683.9,7.5,54.7,26.6,31,8,12,5,3.39,0.05,0.27,0.1,10,1.432842,1.03337,2.5,2.5,19.011685,43.90399,4.979508,19.036242,4.077402,1.237416,0.692262,4.212952,4.51055,0.894664,2.730649,0.465738,3.022192,0.533357,23.752866,0.587458,2.5,4.248391,0,0,57F07,0,0,0,0,5,50
4774,4774,57F07/028/SS/12,77.5,14.277027,67.67,14.14,3.42,0.05,1.29,1.8,2.67,2.99,0.43,0.07,4.816173,667.6,14.1,8.9,58.3,11,20.6,45.9,11.3,112.7,194.1,18.6,299.9,11.3,369.5,16.5,32.1,1.5,8,5,9.48,0.5,0.23,0.05,10,1.7568,1.001,2.5,2.5,23.482,45.036999,4.897,18.934999,3.731,0.856,0.621,3.474,3.654,0.817,2.452,0.418,2.669,0.435,12.326,1.009,2.5,3.255,0,0,57F07,0,0,0,0,2.5,50
4788,4788,57F07/042/SS/12,77.5,14.295045,66.98,12.88,4.86,0.06,1.28,1.91,1.87,3.07,0.45,0.07,5.815201,497.6,16.9,9.7,67,14.8,7.8,40.5,13.3,110.6,130.7,18.9,291.5,14.7,339.8,22.6,33.6,1.5,14,5,15.66,1,0.45,0.2,10,1.099,1.276,2.5,2.5,27.292999,50.585999,5.694,21.190001,4.316,0.903,0.599,3.741,3.402,0.711,2.162,0.363,2.251,0.352,11.946,1.663,2.5,4.438,0,0,57F07,0,0,0,0,5,50
4970,4970,57F07/014/SS/12,77.5,14.259009,66.624,15.01,3.29,0.07,0.98,1.27,3.1,3.46,0.43,0.07,5.080055,689.6,18.6,9,50.9,12.6,23.3,21.2,9,149.9,195.5,22,264,16.2,53.4,29.6,31.1,1.5,8,5,50,0.25,0.32,0.15,10,2.5164,1.13,2.5,2.5,22.857,44.471001,5.169,19.51,4.015,0.872,0.686,3.931,4.27,0.939,2.921,0.516,3.423,0.54,9.46,1.612,2.5,3.479,0,0,57F07,0,0,0,0,2.5,50
5059,5059,57F07/056/SS/12,77.5,14.313063,62.05,14.09,5.3,0.09,1.72,2.64,2.09,2.65,0.73,0.15,7.880015,577.7,15.3,13.2,89.9,13.7,19.1,42.2,17.3,99.6,230.1,22.3,397.8,16.4,100.6,36.3,54,23,16,5,19.5,1.1,0.27,0.22,10,2.087,1.264,2.5,2.5,44.484001,84.077003,9.826,36.571999,7.121,1.53,0.955,6.23,5.296,1.06,3.276,0.562,3.336,0.546,16.966999,1.762,2.5,5.554,0,0,57F07,0,0,0,0,8,50
5073,5073,57F07/070/SS/12,77.5,14.331081,64.03,12.09,2.74,0.05,2.66,5.45,2.74,2.55,0.47,0.08,6.60227,709,11.5,12.1,56.3,19.6,13.3,13.8,7.1,79.2,381.9,20.4,611.8,12.6,57.1,13.3,31.5,1.5,9,5,5.66,0.35,0.1,0.05,10,1.125,0.989,2.5,2.5,34.123001,68.934998,7.225,27.091999,5.324,1.149,0.747,4.838,4.182,0.854,2.592,0.453,2.905,0.509,25.667,0.895,2.5,4.153,0,0,57F07,0,0,0,0,2.5,50
